player_id,Player,Age,Team,Pos,G,GS,MP,PG%,SG%,SF%,PF%,C%,OnCourt p100,On-Off p100,BadPass TO,LostBall TO,Shoot Foul,Off. Foul,Shoot Drawn,Off. Drawn,PGA,And1,Blkd,Awards,Column_25
derozde01,3,Coby White,23,CHI,PG,79,78,2881,85,15,0,0,0,-0.8,2.1,73,58,99,12,113,50,983,25,66,
sabondo01,4,Mikal Bridges,27,BRK,SF,82,82,2854,1,28,50,20,1,-3.6,-2.2,82,60,55,6,127,23,748,30,54,
whiteco01,5,Paolo Banchero,21,ORL,PF,80,80,2799,0,0,0,93,7,-0.3,-7.3,114,91,92,21,269,0,1054,51,87,AS
bridgmi01,6,Kevin Durant,35,PHO,PF,75,75,2791,0,0,6,85,9,5.2,6.7,118,94,68,14,180,11,895,46,49,"MVP-9,AS,NBA2"
banchpa01,7,Dejounte Murray,27,ATL,SG,78,78,2783,38,62,0,0,0,-3.2,-3.1,117,59,57,14,116,8,1221,29,69,
duranke01,8,Anthony Edwards,22,MIN,SG,79,78,2770,3,73,24,0,0,7.4,2.8,112,91,61,15,240,1,1024,69,56,"MVP-7,CPOY-8,AS,NBA2"
murrade01,9,Nikola Jokić,28,DEN,C,79,79,2737,0,0,0,0,100,11.6,20.0,143,66,97,21,181,5,1662,59,68,"MVP-1,CPOY-4,AS,NBA1"
edwaran01,10,Jalen Brunson,27,NYK,PG,77,77,2726,100,0,0,0,0,8.3,11.8,96,67,74,13,222,75,1269,86,64,"MVP-5,CPOY-5,AS,NBA2"
jokicni01,11,Josh Hart,28,NYK,SF,81,42,2707,0,3,69,28,0,6.5,5.5,71,28,86,10,53,9,824,15,55,
brunsja01,12,Anthony Davis,30,LAL,C,76,76,2700,0,0,0,3,97,2.3,6.0,53,60,117,22,221,4,625,60,80,"DPOY-4,AS,NBA2,DEF1"
hartjo01,13,Fred VanVleet,29,HOU,PG,73,73,2684,84,16,0,0,0,3.0,5.4,84,30,85,8,82,27,1391,18,32,
davisan02,14,De'Aaron Fox,26,SAC,PG,74,74,2659,100,0,0,0,0,3.1,5.5,106,71,88,10,186,21,1031,44,68,CPOY-12
vanvlfr01,15,Pascal Siakam,29,2TM,PF,80,80,2657,0,0,5,87,8,1.7,5.3,57,40,70,25,209,8,843,65,47,
foxde01,15,Pascal Siakam,29,TOR,PF,39,39,1354,0,0,1,85,14,-0.2,9.4,33,23,25,13,116,4,466,39,21,
siakapa01,15,Pascal Siakam,29,IND,PF,41,41,1303,0,0,9,90,1,3.7,1.1,24,17,45,12,93,4,377,26,26,
siakapa01,16,Jayson Tatum,25,BOS,PF,74,74,2645,0,0,26,72,2,10.9,-1.2,91,53,54,32,208,4,922,44,61,"MVP-6,CPOY-9,AS,NBA1"
siakapa01,17,Austin Reaves,25,LAL,SG,82,57,2629,34,60,7,0,0,-0.9,-4.0,105,50,86,11,98,34,1061,31,48,
tatumja01,18,Tyrese Maxey,23,PHI,PG,70,70,2626,60,39,1,0,0,4.7,5.0,60,35,67,9,173,11,1045,54,90,"MIP-1,AS"
reaveau01,19,Luka Dončić,24,DAL,PG,70,70,2624,74,26,0,0,0,5.3,9.4,200,61,77,7,283,12,1636,78,50,"MVP-3,CPOY-6,AS,NBA1"
maxeyty01,20,Nikola Vučević,33,CHI,C,76,74,2610,0,0,0,8,92,-3.6,-6.3,54,37,124,19,59,3,623,19,48,
doncilu01,21,Jalen Green,21,HOU,SG,82,82,2601,12,85,3,0,0,-0.5,-4.7,81,82,58,16,162,6,688,45,108,
vucevni01,22,Rudy Gobert,31,MIN,C,76,76,2593,0,0,0,0,100,8.4,5.2,32,30,120,38,166,14,265,42,55,"DPOY-1,DEF1"
greenja05,23,Keegan Murray,23,SAC,SF,77,77,2588,0,2,83,15,0,2.2,2.6,31,21,113,7,56,18,319,11,40,
goberru01,24,Miles Bridges,25,CHO,SF,69,67,2581,0,24,61,15,0,-12.0,-3.9,69,49,67,9,111,9,574,40,64,
murrake02,25,Damian Lillard,33,MIL,PG,73,73,2579,91,9,0,0,0,7.0,12.3,138,39,58,7,185,14,1223,35,85,"CPOY-11,AS"
bridgmi02,26,Giannis Antetokounmpo,29,MIL,PF,73,73,2567,0,0,0,59,41,6.2,10.0,75,72,83,45,377,7,1242,105,90,"MVP-4,DPOY-9,CPOY-12,AS,NBA1"
lillada01,27,Michael Porter Jr.,25,DEN,SF,81,81,2565,0,0,70,30,0,8.3,8.0,38,29,88,9,52,1,280,16,39,
antetgi01,28,Shai Gilgeous-Alexander,25,OKC,PG,75,75,2553,98,2,0,0,0,11.9,11.4,67,57,99,14,272,11,1175,74,77,"MVP-2,DPOY-7,CPOY-3,AS,NBA1"
portemi01,29,Grayson Allen,28,PHO,SG,75,74,2513,26,72,2,0,0,4.8,4.3,56,16,75,8,63,19,546,15,26,
gilgesh01,30,LeBron James,39,LAL,PF,71,71,2504,0,0,1,86,13,4.1,9.9,160,59,35,14,217,12,1364,74,59,"CPOY-10,AS,NBA3"
allengr01,31,Paul George,33,LAC,PF,74,74,2502,0,0,3,86,11,8.9,14.3,82,36,88,24,117,19,619,28,55,AS
jamesle01,32,Dennis Schröder,30,2TM,PG,80,58,2486,100,0,0,0,0,-3.2,3.6,95,38,56,10,77,25,1168,16,66,
georgpa01,32,Dennis Schröder,30,TOR,PG,51,33,1559,100,0,0,0,0,-1.4,8.3,50,18,33,8,54,18,749,11,40,
schrode01,32,Dennis Schröder,30,BRK,PG,29,25,927,100,0,0,0,0,-6.2,-4.2,45,20,23,2,23,7,419,5,26,
schrode01,33,D'Angelo Russell,27,LAL,PG,76,69,2484,100,0,0,0,0,2.5,5.7,106,30,75,10,76,20,1111,17,35,
schrode01,34,James Harden,34,LAC,PG,72,72,2470,72,28,0,0,0,5.9,6.0,120,42,62,15,140,7,1429,33,42,
russeda01,35,Devin Booker,27,PHO,PG,68,68,2447,91,10,0,0,0,5.7,6.4,102,50,88,17,174,14,1168,39,48,"AS,NBA3"
hardeja01,36,Jarrett Allen,25,CLE,C,77,77,2442,0,0,0,1,100,5.0,6.1,67,28,87,21,142,15,499,31,75,DPOY-10
bookede01,37,Jabari Smith Jr.,20,HOU,PF,76,76,2424,0,0,0,68,32,-2.1,-8.2,35,29,110,13,89,3,295,19,56,
allenja01,38,Stephen Curry,35,GSW,PG,74,74,2421,75,25,0,0,0,2.5,-0.6,115,61,62,15,123,15,872,36,51,"CPOY-1,AS,NBA3"
smithja05,39,Bam Adebayo,26,MIA,C,71,71,2416,0,0,0,0,100,0.8,-3.1,63,44,81,32,179,6,678,35,46,"DPOY-3,AS,DEF1"
curryst01,40,Chet Holmgren,21,OKC,C,82,82,2413,0,0,0,0,100,8.8,2.2,39,59,126,20,135,12,474,30,65,ROY-2
adebaba01,41,Brook Lopez,35,MIL,C,79,79,2411,0,0,0,0,100,5.2,6.3,22,19,113,32,66,3,306,20,22,
holmgch01,42,Kentavious Caldwell-Pope,30,DEN,SG,76,76,2402,6,87,7,0,0,11.7,15.8,53,14,87,4,34,19,420,7,14,
lopezbr01,43,Bogdan Bogdanović,31,ATL,SG,79,33,2401,0,51,47,2,0,1.9,10.3,65,30,94,9,68,7,585,13,51,6MOY-5
caldwke01,44,Brandon Miller,21,CHO,SF,74,68,2383,0,9,42,50,0,-10.8,-0.6,70,24,105,20,85,21,430,26,45,ROY-3
bogdabo01,45,Harrison Barnes,31,SAC,PF,82,82,2381,0,0,10,90,1,-1.8,-7.8,23,23,60,5,86,12,238,19,27,
millebr02,46,Derrick White,29,BOS,SG,73,73,2381,20,77,4,0,0,12.4,2.9,69,21,79,13,73,27,910,19,28,"DPOY-8,DEF2"
barneha02,47,Tobias Harris,31,PHI,PF,70,70,2368,0,0,33,63,4,4.3,3.2,36,28,69,14,107,6,534,27,76,
whitede01,48,Donte DiVincenzo,27,NYK,SG,81,63,2360,1,77,21,0,0,3.1,-4.1,61,25,76,12,40,18,504,8,32,
harrito02,49,Jordan Poole,24,WAS,SG,78,66,2346,27,68,5,0,0,-11.5,-5.4,85,57,106,15,95,14,811,28,75,
divindo01,50,Jaylen Brown,27,BOS,SF,70,70,2343,1,30,68,2,0,8.2,-7.7,64,61,74,27,156,10,619,46,72,AS
poolejo01,51,Malik Beasley,27,MIL,SG,79,77,2337,9,87,5,0,0,6.5,9.2,26,18,75,1,11,7,264,3,27,
brownja02,52,Franz Wagner,22,ORL,SF,72,72,2337,0,4,85,11,0,4.3,6.2,61,48,74,18,143,34,635,34,77,
beaslma01,53,Kawhi Leonard,32,LAC,SF,68,68,2330,0,5,62,32,2,8.5,11.9,53,38,44,12,122,9,607,44,30,"AS,NBA2"
wagnefr01,54,Herbert Jones,25,NOP,SF,76,76,2321,0,0,54,45,1,5.8,2.9,40,25,112,16,68,20,469,11,42,"DPOY-5,DEF1"
leonaka01,55,Aaron Gordon,28,DEN,PF,73,73,2297,0,0,0,90,10,9.1,8.5,44,29,87,20,140,7,630,41,57,
joneshe01,56,Klay Thompson,33,GSW,SF,77,63,2284,0,29,61,10,0,-0.5,-7.6,65,24,78,15,58,2,404,15,27,
gordoaa01,57,Kyle Kuzma,28,WAS,PF,70,70,2281,0,0,0,81,19,-11.2,-4.7,77,63,86,24,124,10,702,36,52,
thompkl01,58,Jrue Holiday,33,BOS,PG,69,69,2263,69,31,0,0,0,9.5,-4.1,70,37,56,4,29,21,822,7,28,"DPOY-6,DEF2"
kuzmaky01,59,Deni Avdija,23,WAS,SF,75,75,2257,0,0,53,43,4,-6.3,6.9,87,45,93,18,144,12,672,45,76,
holidjr01,60,Devin Vassell,23,SAS,SG,68,62,2248,9,82,9,0,0,-6.4,-0.2,64,28,34,7,98,8,667,31,34,
avdijde01,61,Luguentz Dort,24,OKC,SF,79,79,2246,0,7,70,23,0,8.7,1.7,29,22,105,15,73,56,275,14,31,
vassede01,62,Max Strus,27,CLE,SF,70,70,2239,2,34,60,5,0,5.6,6.8,58,26,88,9,36,19,656,9,42,
dortlu01,63,Dillon Brooks,28,HOU,SF,72,72,2227,1,17,73,9,0,-0.1,-2.9,41,29,124,10,69,23,285,11,31,
strusma01,64,Tyrese Haliburton,23,IND,PG,69,68,2224,90,10,0,0,0,5.5,5.7,121,19,49,5,97,7,1782,42,57,"AS,NBA3"
brookdi01,65,Jalen Williams,22,OKC,PF,71,71,2223,0,1,14,83,2,8.6,1.5,56,42,85,12,105,21,783,22,51,CPOY-12
halibty01,66,P.J. Washington,25,2TM,PF,73,45,2221,0,0,2,80,17,-3.0,2.8,50,24,109,15,72,9,336,22,42,
willija06,66,P.J. Washington,25,CHO,PF,44,17,1286,0,0,3,68,28,-11.2,-0.9,37,16,72,10,46,7,232,17,27,
washipj01,66,P.J. Washington,25,DAL,PF,29,28,935,0,0,2,97,2,8.2,8.0,13,8,37,5,26,2,104,5,15,
washipj01,67,Jaden Ivey,21,DET,SG,77,61,2217,4,88,8,0,0,-7.8,2.4,97,59,95,15,154,11,705,33,88,
washipj01,68,Ayo Dosunmu,24,CHI,SG,76,37,2212,9,56,35,1,0,-3.1,-3.9,50,32,80,7,51,6,573,10,59,
iveyja01,69,Zion Williamson,23,NOP,PF,70,70,2207,0,0,1,86,14,2.4,-5.2,78,75,90,28,271,3,924,79,121,
dosunay01,70,Mike Conley,36,MIN,PG,76,76,2193,100,0,0,0,0,5.4,-2.6,81,13,57,2,37,27,1049,9,15,
willizi01,71,Jeremy Sochan,20,SAS,PF,74,73,2193,0,0,13,84,3,-7.4,-2.4,66,40,82,12,71,15,603,14,67,
conlemi01,72,Buddy Hield,31,2TM,SF,84,42,2160,0,62,38,0,0,0.7,-3.0,63,29,95,4,16,1,553,3,33,
sochaje01,72,Buddy Hield,31,IND,SF,52,28,1336,0,57,42,1,0,2.4,-1.0,34,20,59,2,6,0,320,1,20,
hieldbu01,72,Buddy Hield,31,PHI,SG,32,14,824,0,70,30,0,0,-2.0,-6.3,29,9,36,2,10,1,233,2,13,
hieldbu01,73,CJ McCollum,32,NOP,PG,66,66,2159,88,12,0,0,0,3.6,-2.3,61,30,68,6,65,6,705,14,41,
hieldbu01,74,Spencer Dinwiddie,30,2TM,PG,76,52,2152,74,25,1,0,0,1.0,3.9,57,15,61,12,100,11,882,23,18,
mccolcj01,74,Spencer Dinwiddie,30,BRK,PG,48,48,1474,89,11,0,0,0,-1.7,2.1,40,8,43,9,77,5,723,18,16,
dinwisp01,74,Spencer Dinwiddie,30,LAL,PG,28,4,678,42,54,4,0,0,6.9,7.8,17,7,18,3,23,6,159,5,2,
dinwisp01,75,Tre Jones,24,SAS,PG,77,48,2138,100,0,0,0,0,-0.5,12.6,86,20,37,4,38,35,1164,7,30,
dinwisp01,76,Grant Williams,25,2TM,PF,76,43,2130,0,0,13,67,20,-5.1,-3.0,39,29,111,26,57,30,424,16,28,
jonestr01,76,Grant Williams,25,DAL,PF,47,33,1242,0,0,1,84,15,-3.7,-8.4,16,17,70,12,23,9,206,6,16,
willigr01,76,Grant Williams,25,CHO,PF,29,10,888,0,1,29,43,27,-7.1,4.5,23,12,41,14,34,21,218,10,12,
willigr01,77,Jaren Jackson Jr.,24,MEM,C,66,66,2124,0,0,0,2,99,-8.2,-2.0,34,71,108,46,196,31,406,50,122,
willigr01,78,Tim Hardaway Jr.,31,DAL,SF,79,12,2120,0,13,69,18,0,-0.3,-5.4,33,24,46,6,69,35,336,21,33,6MOY-9
jacksja02,79,Nic Claxton,24,BRK,C,71,71,2116,0,0,0,0,100,-5.7,-5.7,23,25,75,31,89,13,349,24,41,
hardati02,80,Jaime Jaquez Jr.,22,MIA,SF,75,20,2113,4,37,51,9,0,3.4,3.0,61,29,100,7,86,7,469,20,63,"ROY-4,6MOY-9"
claxtni01,81,Taurean Prince,29,LAL,PF,78,49,2108,1,20,70,9,0,-2.7,-6.7,42,18,84,3,30,21,277,9,28,
jaqueja01,82,Victor Wembanyama,20,SAS,C,71,71,2106,0,0,0,0,100,-3.1,7.0,123,90,90,17,173,17,620,45,27,"ROY-1,DPOY-2,DEF1"
princta02,83,Jaden McDaniels,23,MIN,SF,72,71,2105,0,7,84,9,0,3.9,-5.6,38,28,109,3,40,13,244,14,28,DEF2
wembavi01,84,Brandon Ingram,26,NOP,SF,64,64,2103,3,68,26,3,0,3.8,-1.9,69,52,73,27,129,5,874,25,47,
mcdanja02,85,Scottie Barnes,22,TOR,SG,60,60,2094,0,31,33,33,2,-3.1,7.0,104,31,40,16,111,16,865,30,48,AS
ingrabr01,86,Jusuf Nurkić,29,PHO,C,76,76,2078,0,0,0,0,100,9.3,12.8,76,47,126,42,120,1,690,27,58,
barnesc01,87,Myles Turner,27,IND,C,77,77,2076,0,0,0,0,100,4.7,3.5,21,34,133,43,165,10,233,45,42,
nurkiju01,88,Collin Sexton,25,UTA,SG,78,51,2075,14,78,8,0,0,-3.0,4.0,67,52,70,16,161,26,931,42,113,
turnemy01,89,Cam Thomas,22,BRK,SG,66,51,2075,10,68,21,1,0,-6.2,-6.7,44,40,69,9,155,15,458,35,78,
sextoco01,90,Cade Cunningham,22,DET,PG,62,62,2074,65,32,3,0,0,-8.1,1.6,126,59,81,13,109,6,1076,21,92,
thomaca02,91,Corey Kispert,24,WAS,SF,80,22,2067,0,18,66,16,0,-10.9,-3.4,28,40,83,12,75,6,371,26,48,
cunnica01,92,Saddiq Bey,24,ATL,SF,63,51,2062,0,1,70,29,0,-1.0,2.6,20,10,39,2,108,3,222,27,49,
kispeco01,93,Kelly Oubre Jr.,28,PHI,SF,68,52,2055,0,18,60,21,2,-0.1,-6.5,33,25,86,16,120,17,248,29,89,
beysa01,94,Alperen Şengün,21,HOU,C,63,63,2046,0,0,0,0,100,0.4,-1.7,60,59,118,20,158,22,759,40,75,
oubreke01,95,Jimmy Butler,34,MIA,PF,60,60,2042,0,0,25,74,0,5.5,7.1,56,31,30,10,205,5,768,46,63,
sengual01,96,Alex Caruso,29,CHI,SG,71,57,2040,17,78,5,0,0,0.3,3.4,72,24,82,2,37,42,558,5,25,"DPOY-10,DEF2"
butleji01,97,Terry Rozier,29,2TM,SG,61,60,2040,82,18,0,0,0,-6.8,-3.0,66,27,44,8,80,33,825,17,58,
carusal01,97,Terry Rozier,29,CHO,SG,30,30,1065,65,35,0,0,0,-13.0,-3.4,40,15,19,7,49,21,478,9,29,
roziete01,97,Terry Rozier,29,MIA,PG,31,30,975,100,0,0,0,0,0.0,-2.7,26,12,25,1,31,12,347,8,29,
roziete01,98,Keldon Johnson,24,SAS,SF,69,27,2038,4,31,63,3,0,-8.2,-3.8,51,34,72,9,113,10,464,28,56,
roziete01,99,Kyrie Irving,31,DAL,SG,58,58,2030,23,68,10,0,0,6.0,7.9,52,38,57,6,85,12,719,26,39,CPOY-7
johnske04,100,Karl-Anthony Towns,28,MIN,PF,62,62,2026,0,0,0,63,37,6.4,-0.2,72,36,105,52,138,10,434,39,67,AS
irvinky01,101,Jalen Suggs,22,ORL,SG,75,75,2025,14,79,8,0,0,1.0,-1.6,68,33,105,13,65,35,491,16,26,"DPOY-10,DEF2"
townska01,102,Keyonte George,20,UTA,PG,75,44,2023,99,2,0,0,0,-8.9,-8.1,115,47,31,9,103,24,794,24,51,
suggsja01,103,Josh Giddey,21,OKC,SG,80,80,2011,1,60,34,5,0,8.2,0.5,92,50,63,12,63,3,915,21,70,
georgke01,104,Bobby Portis,28,MIL,PF,82,4,2008,0,0,2,83,16,0.4,-4.8,17,35,95,22,56,4,263,14,33,6MOY-3
giddejo01,105,Aaron Nesmith,24,IND,SF,72,47,1995,0,12,75,13,0,3.6,1.2,31,11,142,13,63,39,251,22,51,
portibo01,106,Gary Trent Jr.,25,TOR,SG,71,41,1994,4,76,19,1,0,-5.2,2.5,21,10,41,8,41,7,275,13,31,
nesmiaa01,107,Norman Powell,30,LAC,SG,76,3,1990,3,72,24,0,0,5.1,3.0,29,18,73,5,79,8,194,16,37,6MOY-4
trentga02,108,Immanuel Quickley,24,2TM,SG,68,38,1985,69,31,0,0,0,-0.8,1.9,59,26,62,6,108,17,780,20,45,
powelno01,108,Immanuel Quickley,24,NYK,SG,30,0,720,42,58,0,0,0,8.5,4.6,13,12,25,3,41,3,172,6,13,
quickim01,108,Immanuel Quickley,24,TOR,PG,38,38,1265,84,16,0,0,0,-6.1,0.4,46,14,37,3,67,14,608,14,32,
quickim01,109,Brandin Podziemski,20,GSW,SG,74,28,1968,13,75,13,0,0,7.2,8.7,54,19,60,6,37,41,660,13,35,ROY-5
quickim01,110,Naz Reid,24,MIN,PF,81,14,1964,0,0,1,79,20,5.9,-1.2,32,52,104,12,74,3,260,16,64,6MOY-1
podzibr01,111,Caris LeVert,29,CLE,SG,68,10,1958,6,67,27,0,0,3.0,0.7,63,34,64,6,92,13,843,13,48,
reidna01,112,Royce O'Neale,30,2TM,SF,79,14,1954,2,21,55,22,1,3.0,4.7,43,17,105,10,14,12,519,0,16,
leverca01,112,Royce O'Neale,30,BRK,SF,49,6,1202,3,30,49,17,1,-0.9,3.0,25,14,73,9,10,7,322,0,11,
onealro01,112,Royce O'Neale,30,PHO,SF,30,8,752,0,6,64,29,0,9.2,7.4,18,3,32,1,4,5,197,0,5,
onealro01,113,Jonathan Kuminga,21,GSW,PF,74,46,1949,0,0,2,65,34,4.2,3.0,49,37,64,17,160,12,414,38,73,
onealro01,114,Donovan Mitchell,27,CLE,SG,55,55,1942,58,42,0,0,0,7.2,9.1,87,52,55,6,122,4,808,26,54,AS
kuminjo01,115,Trae Young,25,ATL,PG,54,54,1942,100,0,0,0,0,-2.4,-0.3,174,41,49,7,131,35,1382,30,54,AS
mitchdo01,116,Dorian Finney-Smith,30,BRK,PF,68,56,1934,0,2,39,45,14,-1.5,2.8,29,12,71,9,18,1,263,2,18,
youngtr01,117,Tyus Jones,27,WAS,PG,66,66,1933,100,0,0,0,0,-12.4,-6.1,55,8,19,2,19,12,1155,6,23,
finnedo01,118,Jonas Valančiūnas,31,NOP,C,82,82,1925,0,0,0,0,100,4.2,-1.0,30,22,116,41,100,2,403,17,47,
jonesty01,119,Nickeil Alexander-Walker,25,MIN,SG,82,20,1921,43,48,9,0,0,8.7,4.3,51,16,80,4,24,29,496,4,29,
valanjo01,120,Andrew Wiggins,28,GSW,SF,71,59,1920,0,0,66,34,0,-0.6,-6.5,33,34,77,9,95,11,312,13,45,
alexani01,121,Duncan Robinson,29,MIA,SF,68,36,1905,0,25,53,23,0,0.0,-4.0,53,18,91,6,29,8,443,5,25,
wiggian01,122,John Collins,26,UTA,PF,68,66,1901,0,0,17,70,13,-7.3,-4.7,36,32,122,15,87,14,185,23,73,
robindu01,123,Darius Garland,24,CLE,PG,57,57,1901,100,0,0,0,0,1.8,-1.6,104,40,36,9,72,16,878,15,48,
collijo01,124,Isaiah Hartenstein,25,NYK,C,75,49,1896,0,0,0,0,100,10.4,11.0,54,12,111,22,79,3,446,29,29,
garlada01,125,Eric Gordon,35,PHO,SG,68,24,1893,17,48,36,0,0,3.6,0.7,40,16,46,6,31,3,330,9,40,
harteis01,126,Jalen Johnson,22,ATL,SF,56,52,1889,0,0,0,94,5,-1.3,1.9,56,19,75,11,77,10,486,23,51,
gordoer01,127,Isaac Okoro,23,CLE,SF,69,42,1887,1,5,78,16,0,3.6,1.9,19,20,62,10,73,15,313,21,37,
johnsja05,128,Clint Capela,29,ATL,C,73,73,1883,0,0,0,0,100,-0.6,3.1,24,23,86,16,108,17,227,22,69,
okorois01,129,Terance Mann,27,LAC,SG,75,71,1873,2,70,27,2,0,2.5,-2.1,17,22,53,9,47,7,286,11,29,
capelca01,130,Malik Monk,25,SAC,SG,72,0,1872,16,80,4,0,0,-1.6,-5.4,104,31,82,6,77,12,870,14,55,"CPOY-12,6MOY-2"
mannte01,131,Bruce Brown,27,2TM,SG,67,44,1866,17,78,5,0,0,-5.6,-5.3,36,32,77,7,68,1,456,20,41,
monkma01,131,Bruce Brown,27,IND,SG,33,33,981,2,91,7,0,0,3.5,0.7,14,18,42,3,38,1,242,11,20,
brownbr01,131,Bruce Brown,27,TOR,PG,34,11,885,34,63,4,0,0,-15.8,-12.1,22,14,35,4,30,0,214,9,21,
brownbr01,132,Jamal Murray,26,DEN,PG,59,59,1861,83,17,0,0,0,8.6,5.7,86,33,71,4,65,7,875,16,51,
brownbr01,133,RJ Barrett,23,2TM,SG,58,58,1838,0,9,69,22,0,-3.3,-1.8,64,33,67,14,152,8,472,30,90,
murraja01,133,RJ Barrett,23,NYK,SG,26,26,766,0,3,96,1,0,-0.3,-6.4,20,14,26,4,64,3,154,8,41,
barrerj01,133,RJ Barrett,23,TOR,SG,32,32,1072,0,14,49,36,1,-5.4,1.5,44,19,41,10,88,5,318,22,49,
barrerj01,134,Georges Niang,30,CLE,PF,82,10,1831,0,1,20,78,1,0.3,-4.4,34,20,114,8,28,9,245,6,16,
barrerj01,135,Jerami Grant,29,POR,PF,54,54,1830,0,0,41,53,6,-9.6,-0.5,47,47,66,14,136,14,380,27,64,
niangge01,136,Rui Hachimura,25,LAL,PF,68,39,1826,0,0,46,49,5,3.3,5.3,13,19,53,9,65,5,209,13,42,
grantje01,137,Payton Pritchard,26,BOS,PG,82,5,1825,100,0,0,0,0,11.9,1.3,31,12,37,5,23,7,696,4,27,
hachiru01,138,Lauri Markkanen,26,UTA,PF,55,55,1820,0,0,3,54,44,0.3,9.6,30,23,60,15,102,9,275,17,45,
pritcpa01,139,Reggie Jackson,33,DEN,PG,82,23,1817,100,0,0,0,0,1.3,-7.9,61,19,69,17,36,13,720,8,33,
markkla01,140,Cole Anthony,23,ORL,PG,81,0,1817,100,0,0,0,0,1.9,0.3,68,39,88,7,87,11,569,15,32,
jacksre01,141,Daniel Gafford,25,2TM,C,74,66,1815,0,0,0,4,96,-2.8,3.3,25,21,159,22,88,16,254,20,34,
anthoco01,141,Daniel Gafford,25,WAS,C,45,45,1192,0,0,0,0,100,-7.6,2.3,16,13,109,13,59,14,150,10,24,
gaffoda01,141,Daniel Gafford,25,DAL,PF,29,21,623,0,0,0,11,89,6.5,5.2,9,8,50,9,29,2,104,10,10,
gaffoda01,142,Ivica Zubac,26,LAC,C,68,68,1794,0,0,0,0,100,4.8,2.1,30,18,129,24,78,3,227,10,40,
gaffoda01,143,Deandre Ayton,25,POR,C,55,55,1784,0,0,0,0,100,-8.7,1.3,28,42,75,14,40,3,222,11,41,
zubaciv01,144,Derrick Jones Jr.,26,DAL,SF,76,66,1783,0,0,50,49,1,1.8,-0.6,22,26,68,7,73,21,190,19,24,
aytonde01,145,Kyle Anderson,30,MIN,PF,79,10,1782,0,0,55,42,4,5.6,-1.7,57,20,57,6,65,7,781,11,20,
jonesde02,146,Jalen Duren,20,DET,C,61,60,1777,0,0,0,0,100,-8.3,1.1,48,37,102,37,95,1,334,29,47,
anderky01,147,Bradley Beal,30,PHO,SG,53,53,1767,2,35,60,4,0,3.2,0.0,67,33,70,14,65,13,643,13,37,
durenja01,148,Scoot Henderson,19,POR,PG,62,32,1765,99,1,0,0,0,-13.9,-8.2,123,49,85,22,93,21,823,16,50,
bealbr01,149,Nick Richards,26,CHO,C,67,51,1759,0,0,0,0,100,-12.3,-3.1,17,19,87,32,91,8,125,17,38,
hendesc01,150,Kelly Olynyk,32,2TM,C,78,27,1759,0,0,0,23,77,-7.8,-2.7,82,33,109,18,75,23,786,19,22,
richani01,150,Kelly Olynyk,32,UTA,C,50,8,1019,0,0,0,39,61,-3.7,1.6,42,18,65,11,37,8,503,12,10,
olynyke01,150,Kelly Olynyk,32,TOR,C,28,19,740,0,0,0,1,99,-13.4,-8.6,40,15,44,7,38,15,283,7,12,
olynyke01,151,Caleb Martin,28,MIA,SF,64,23,1756,11,66,23,1,0,2.7,1.2,36,21,58,7,50,21,359,15,40,
olynyke01,152,Sam Hauser,26,BOS,SF,79,13,1741,0,12,54,33,1,13.4,3.9,17,8,56,3,4,5,211,0,11,
martica02,153,Al Horford,37,BOS,C,65,33,1740,0,0,0,51,49,11.4,0.3,20,11,54,13,9,1,426,2,11,
hausesa01,154,Toumani Camara,23,POR,PF,70,49,1739,0,0,0,84,16,-4.8,8.2,38,19,92,13,44,34,213,10,27,
horfoal01,155,Obi Toppin,25,IND,PF,82,28,1730,0,0,0,89,11,4.0,1.9,32,15,76,14,49,4,297,16,30,
camarto01,156,Bilal Coulibaly,19,WAS,SF,63,15,1715,1,49,49,1,0,-11.8,-4.4,52,20,67,5,68,3,268,19,43,
toppiob01,157,OG Anunoby,26,2TM,SF,50,50,1702,0,1,64,34,1,11.6,16.2,33,19,58,15,47,4,252,15,41,
coulibi01,157,OG Anunoby,26,TOR,SF,27,27,900,0,2,80,16,2,2.0,10.9,17,11,26,10,24,4,169,9,20,
anunoog01,157,OG Anunoby,26,NYK,SF,23,23,802,0,0,45,55,0,22.4,22.1,16,8,32,5,23,0,83,6,21,
anunoog01,158,Jabari Walker,21,POR,PF,72,23,1700,0,2,35,58,6,-10.8,-2.5,17,26,80,13,81,13,168,21,63,
anunoog01,159,Andrew Nembhard,24,IND,PG,68,47,1697,31,68,0,0,0,2.1,-1.5,50,29,66,8,28,18,669,6,21,
walkeja01,160,Cason Wallace,20,OKC,SG,82,13,1692,29,36,34,1,0,5.7,-3.9,22,14,71,2,20,3,282,3,23,
nembhan01,161,Trey Murphy III,23,NOP,SF,57,23,1690,0,22,52,26,0,7.3,4.6,18,11,42,2,57,8,304,12,16,
wallaca01,162,Kristaps Porziņģis,28,BOS,C,57,57,1690,0,0,0,5,95,10.6,-1.2,36,23,89,23,127,7,281,27,18,
murphtr02,163,Kyle Lowry,37,2TM,PG,60,55,1690,100,0,0,0,0,-0.1,-3.1,57,14,77,5,27,30,604,5,17,
porzikr01,163,Kyle Lowry,37,MIA,PG,37,35,1037,100,0,0,0,0,0.5,-2.1,37,9,53,3,16,20,350,2,13,
lowryky01,163,Kyle Lowry,37,PHI,PG,23,20,653,100,0,0,0,0,-0.9,-4.7,20,5,24,2,11,10,254,3,4,
lowryky01,164,Jordan Clarkson,31,UTA,SG,55,19,1682,0,72,27,1,0,-5.7,-1.5,70,54,39,11,81,3,672,16,51,
lowryky01,165,De'Andre Hunter,26,ATL,SF,57,37,1681,0,0,33,67,0,-1.5,1.2,25,30,63,13,93,29,213,28,29,
clarkjo01,166,Pat Connaughton,31,MIL,SF,76,3,1676,2,41,56,2,0,-1.2,-6.9,30,13,62,4,20,9,395,6,10,
huntede01,167,Christian Braun,22,DEN,SG,82,4,1655,1,41,57,1,0,1.2,-7.5,20,15,70,13,67,4,315,14,46,
connapa01,168,Simone Fontecchio,28,2TM,SF,66,43,1644,0,0,74,26,0,-0.8,6.9,33,19,50,8,33,6,233,9,35,
braunch01,168,Simone Fontecchio,28,UTA,SF,50,34,1160,0,1,90,9,0,-0.1,6.8,23,14,38,7,19,3,172,4,21,
fontesi01,168,Simone Fontecchio,28,DET,SF,16,9,484,0,0,33,67,0,-2.6,7.2,10,5,12,1,14,3,61,5,14,
fontesi01,169,Ochai Agbaji,23,2TM,SG,78,28,1641,0,19,76,4,0,-6.8,-1.6,25,18,61,11,30,3,201,13,41,
fontesi01,169,Ochai Agbaji,23,UTA,SG,51,10,1003,0,17,80,2,0,-5.3,-0.6,14,8,37,6,12,2,119,5,21,
agbajoc01,169,Ochai Agbaji,23,TOR,SG,27,18,638,1,22,69,8,0,-9.1,-3.2,11,10,24,5,18,1,82,8,20,
agbajoc01,170,Julius Randle,29,NYK,PF,46,46,1630,0,0,0,90,10,5.9,2.0,56,55,50,30,134,1,604,31,64,AS
agbajoc01,171,Precious Achiuwa,24,2TM,C,74,18,1624,0,0,1,47,53,-0.7,-3.5,34,23,87,13,54,4,234,10,39,
randlju01,171,Precious Achiuwa,24,TOR,C,25,0,437,0,0,0,3,97,-5.2,1.4,12,8,23,5,18,1,105,2,13,
achiupr01,171,Precious Achiuwa,24,NYK,PF,49,18,1187,0,0,1,63,36,1.0,-5.3,22,15,64,8,36,3,129,8,26,
achiupr01,172,Santi Aldama,23,MEM,PF,61,35,1618,0,0,5,82,14,-8.9,-2.7,35,18,52,5,41,3,342,16,26,
achiupr01,173,Cameron Johnson,27,BRK,PF,58,47,1599,0,2,11,76,11,-4.9,-3.2,39,12,52,4,50,6,348,13,34,
aldamsa01,174,Malaki Branham,20,SAS,PG,75,29,1594,62,36,2,0,0,-10.7,-7.3,62,24,49,2,30,15,377,9,41,
johnsca02,175,Paul Reed,24,PHI,C,82,24,1590,0,0,0,2,98,3.5,0.9,23,21,114,12,51,7,253,19,41,
branhma01,176,Ausar Thompson,21,DET,SF,63,38,1583,0,2,70,28,0,-5.6,5.5,36,35,75,5,61,23,288,15,33,
reedpa01,177,Anfernee Simons,24,POR,SG,46,46,1582,24,69,7,0,0,-10.3,-1.6,64,42,56,9,74,4,595,15,51,
thompau01,178,Kevin Huerter,25,SAC,SG,64,59,1562,0,72,28,1,0,1.5,0.3,30,10,66,5,21,5,392,3,15,
simonan01,179,Bennedict Mathurin,21,IND,SF,59,19,1538,0,4,70,26,0,-2.3,-8.7,43,26,64,14,113,9,290,27,74,
huertke01,180,Evan Mobley,22,CLE,PF,50,50,1532,0,0,0,54,47,1.3,-2.2,28,34,98,9,84,3,389,21,39,
mathube01,181,Chris Paul,38,GSW,PG,58,18,1531,100,0,0,0,0,3.4,1.2,51,14,46,2,11,6,949,4,12,
mobleev01,182,Russell Westbrook,35,LAC,PG,68,11,1529,93,7,0,0,0,4.4,1.4,95,35,47,6,81,6,697,19,43,6MOY-7
paulch01,183,Nicolas Batum,35,2TM,PF,60,38,1529,0,0,0,89,11,5.7,4.3,31,5,44,2,8,2,290,1,2,
westbru01,183,Nicolas Batum,35,LAC,PF,3,0,54,0,0,0,68,32,-1.9,-5.6,1,0,0,0,0,0,13,0,0,
batumni01,183,Nicolas Batum,35,PHI,PF,57,38,1475,0,0,0,90,10,5.9,4.7,30,5,44,2,8,2,277,1,2,
batumni01,184,Zach Collins,26,SAS,C,69,29,1526,0,0,0,27,73,-12.3,-9.6,63,28,132,28,69,8,442,20,39,
batumni01,185,Josh Green,23,DAL,SG,57,33,1505,1,37,60,2,0,-2.1,-6.9,32,15,45,12,22,29,320,6,30,
colliza01,186,Walker Kessler,22,UTA,C,64,22,1493,0,0,0,0,100,-4.5,0.6,19,18,79,23,43,5,156,11,32,
greenjo02,187,Draymond Green,33,GSW,PF,55,52,1490,0,0,3,80,17,5.6,4.6,101,11,83,21,33,29,789,7,18,
kesslwa01,188,Peyton Watson,21,DEN,SF,80,4,1488,0,1,37,61,0,-0.2,-9.2,22,19,94,9,54,2,205,8,32,
greendr01,189,Matisse Thybulle,26,POR,SF,65,19,1487,0,30,65,5,0,-7.5,3.1,24,9,47,3,14,14,212,2,12,
watsope01,190,Khris Middleton,32,MIL,SF,55,55,1487,0,3,89,9,0,3.9,1.8,72,44,67,6,48,11,666,9,26,
thybuma01,191,Bojan Bogdanović,34,2TM,PF,57,27,1478,0,1,35,63,1,-11.6,-9.5,58,29,52,6,63,5,237,13,45,6MOY-9
middlkh01,191,Bojan Bogdanović,34,DET,PF,28,27,921,0,0,40,59,1,-13.5,-6.1,43,16,28,1,44,4,170,10,29,
bogdabo02,191,Bojan Bogdanović,34,NYK,SF,29,0,557,0,1,28,70,0,-8.4,-15.3,15,13,24,5,19,1,67,3,16,
bogdabo02,192,Julian Champagnie,22,SAS,SF,74,59,1468,0,4,68,28,0,-4.0,3.7,31,10,46,3,42,5,242,6,20,
bogdabo02,193,Patrick Beverley,35,2TM,PG,73,13,1462,100,0,0,0,0,-0.6,-4.3,45,10,55,1,32,16,509,9,14,
champju02,193,Patrick Beverley,35,PHI,PG,47,5,919,100,0,0,0,0,0.3,-3.5,32,8,41,1,23,10,340,7,8,
beverpa01,193,Patrick Beverley,35,MIL,PG,26,8,543,100,0,0,0,0,-2.1,-5.6,13,2,14,0,9,6,169,2,6,
beverpa01,194,Amir Coffey,26,LAC,SF,70,13,1460,0,6,69,25,1,-2.8,-10.3,16,9,58,5,34,7,190,12,20,
beverpa01,195,Isaiah Joe,24,OKC,SG,78,1,1445,20,77,2,0,0,8.7,1.1,26,11,45,3,19,34,245,6,15,
coffeam01,196,Desmond Bane,25,MEM,SG,42,42,1443,13,50,34,3,0,-7.7,-0.7,47,31,57,18,61,10,568,13,61,
joeis01,197,Vince Williams Jr.,23,MEM,SG,52,33,1436,43,55,2,0,0,-3.3,6.3,48,27,49,6,45,28,430,5,22,
banede01,198,Isaiah Stewart,22,DET,PF,46,45,1423,0,0,0,76,24,-4.1,7.4,13,18,42,14,43,4,170,10,17,
willivi01,199,Moritz Wagner,26,ORL,C,80,1,1415,0,0,0,1,100,2.5,1.1,19,34,62,33,112,27,235,36,40,
stewais01,200,Tyler Herro,24,MIA,SG,42,40,1407,51,48,1,0,0,0.6,-2.3,54,29,31,4,48,1,451,11,43,
wagnemo01,201,Wendell Carter Jr.,24,ORL,C,55,48,1406,0,0,0,5,95,1.9,0.1,18,17,67,22,56,10,225,12,23,
herroty01,202,Onyeka Okongwu,23,ATL,C,55,8,1405,0,0,0,9,91,-1.4,1.3,13,11,110,13,62,0,177,14,27,
cartewe01,203,Amen Thompson,21,HOU,SF,62,23,1388,0,22,46,31,0,2.4,1.9,40,32,63,9,82,12,395,27,38,
okongon01,204,Haywood Highsmith,27,MIA,PF,66,26,1366,0,2,55,43,0,1.4,-0.9,20,4,68,5,13,5,175,4,14,
thompam01,205,Dyson Daniels,20,NOP,PG,61,16,1358,41,51,8,0,0,4.3,-0.5,31,16,51,4,23,5,384,3,14,
highsha01,206,Andre Drummond,30,CHI,C,79,10,1351,0,0,0,0,100,0.9,3.4,23,16,54,25,102,4,87,16,42,
daniedy01,207,Marcus Sasser,23,DET,PG,71,11,1351,94,6,0,0,0,-9.5,-0.9,48,28,57,3,25,12,573,5,24,
drumman01,208,Kris Murray,23,POR,SF,62,29,1348,0,9,64,26,1,-6.3,4.6,34,14,50,4,31,5,200,10,26,
sassema01,209,Miles McBride,23,NYK,PG,68,14,1328,62,39,0,0,0,0.2,-6.8,21,4,52,1,19,19,288,5,21,
murrakr01,210,Jakob Poeltl,28,TOR,C,50,50,1319,0,0,0,0,100,-0.5,9.0,28,17,84,22,53,3,281,17,37,
mcbrimi01,211,Joel Embiid,29,PHI,C,39,39,1309,0,0,0,0,100,9.6,10.0,58,57,66,27,198,2,549,35,52,AS
poeltja01,212,Jeff Green,37,HOU,PF,78,6,1307,0,0,9,69,23,-1.9,-4.6,10,8,63,20,74,4,171,16,16,
embiijo01,213,Cameron Payne,29,2TM,PG,78,10,1304,80,20,0,0,0,-0.4,-3.9,42,11,62,0,31,17,487,6,24,
greenje02,213,Cameron Payne,29,MIL,PG,47,2,702,85,15,0,0,0,-0.3,-3.7,17,5,33,0,20,7,257,3,8,
payneca01,213,Cameron Payne,29,PHI,PG,31,8,602,75,25,0,0,0,-0.6,-4.2,25,6,29,0,11,10,230,3,16,
payneca01,214,Gary Harris,29,ORL,SG,54,27,1297,39,59,2,0,0,2.7,1.4,18,4,44,2,12,8,203,3,8,
payneca01,215,Dereck Lively II,19,DAL,C,55,42,1294,0,0,0,0,100,5.8,5.5,16,11,92,15,40,2,150,11,20,ROY-6
harriga01,216,T.J. McConnell,31,IND,PG,71,4,1291,100,0,0,0,0,4.6,2.3,61,28,42,3,33,36,935,12,39,6MOY-7
livelde01,217,Aaron Holiday,27,HOU,PG,78,1,1269,100,0,0,0,0,4.2,4.4,28,14,59,3,22,14,350,5,20,
mccontj01,218,Cedi Osman,28,SAS,SF,72,3,1269,0,4,41,56,0,-12.6,-9.2,23,15,53,6,25,18,280,10,18,
holidaa01,219,Gradey Dick,20,TOR,SG,60,17,1268,1,25,46,28,0,-14.4,-11.7,26,16,50,3,19,8,169,4,26,
osmande01,220,Naji Marshall,26,NOP,SF,66,1,1257,1,26,53,20,0,9.3,6.8,36,14,46,4,41,4,304,8,21,
dickgr01,221,Kris Dunn,29,UTA,PG,66,32,1249,73,26,1,0,0,0.2,7.5,49,17,69,6,14,4,623,2,19,
marshna01,222,Gordon Hayward,33,2TM,SF,51,28,1245,0,45,37,18,1,-5.3,-1.3,28,25,31,6,63,1,375,16,18,
dunnkr01,222,Gordon Hayward,33,CHO,SF,25,25,798,0,67,33,0,0,-8.3,2.9,23,17,18,6,42,1,270,11,11,
haywago01,222,Gordon Hayward,33,OKC,SF,26,3,447,0,4,45,49,2,0.0,-8.9,5,8,13,0,21,0,105,5,7,
haywago01,223,GG Jackson II,19,MEM,PF,48,18,1233,0,1,27,56,16,-8.2,-1.4,19,25,37,4,72,2,140,11,40,
haywago01,224,Aaron Wiggins,25,OKC,SG,78,4,1228,13,49,28,10,0,7.5,-0.6,24,21,57,5,38,5,201,9,33,
jacksgg01,225,Larry Nance Jr.,31,NOP,C,61,0,1216,0,0,0,1,99,3.5,-1.6,25,9,44,11,28,15,272,7,15,
wiggiaa01,226,Duop Reath,27,POR,C,68,20,1214,0,0,0,4,96,-8.3,1.5,15,17,96,14,49,8,155,12,35,
nancela02,227,Alec Burks,32,2TM,SG,66,1,1212,0,60,38,2,0,-10.2,-5.4,27,15,37,3,67,15,213,9,21,
reathdu01,227,Alec Burks,32,DET,SG,43,0,901,0,53,44,3,0,-9.9,-1.4,18,9,32,3,50,12,164,6,11,
burksal01,227,Alec Burks,32,NYK,SG,23,1,311,0,80,20,0,0,-10.8,-16.8,9,6,5,0,17,3,49,3,10,
burksal01,228,Kevon Looney,27,GSW,C,74,36,1195,0,0,0,14,86,2.3,-0.7,17,15,82,15,41,1,330,11,24,
burksal01,229,David Roddy,22,2TM,PF,65,13,1177,0,5,55,39,1,-8.8,-2.7,20,28,37,3,37,5,201,8,33,
looneke01,229,David Roddy,22,MEM,PF,48,13,1114,0,6,55,39,0,-8.9,-2.2,19,26,35,3,36,4,190,7,33,
roddyda01,229,David Roddy,22,PHO,PF,17,0,63,0,2,54,37,8,-8.3,-11.8,1,2,2,0,1,1,11,1,0,
roddyda01,230,Vasilije Micić,30,2TM,PG,60,21,1176,69,31,0,0,0,-3.4,1.6,63,21,32,2,33,6,637,7,33,
roddyda01,230,Vasilije Micić,30,OKC,PG,30,0,361,93,7,0,0,0,15.6,8.4,17,4,13,0,11,0,187,3,10,
micicva01,230,Vasilije Micić,30,CHO,PG,30,21,815,58,42,0,0,0,-11.8,-1.5,46,17,19,2,22,6,450,4,23,
micicva01,231,Patrick Williams,22,CHI,PF,43,30,1174,0,0,0,93,7,-0.7,1.1,25,22,45,4,33,2,166,4,28,
micicva01,232,John Konchar,27,MEM,SF,55,23,1173,6,43,49,3,0,-6.0,1.9,29,12,45,1,9,7,277,3,13,
willipa01,233,Drew Eubanks,26,PHO,C,75,6,1169,0,0,0,0,100,-4.8,-11.3,22,12,58,21,40,5,156,8,23,
konchjo01,234,Joe Ingles,36,ORL,SF,68,0,1169,0,18,76,6,0,5.5,5.2,43,14,32,9,6,4,447,1,5,
eubandr01,235,Anthony Black,20,ORL,PG,69,33,1164,68,30,2,0,0,-1.3,-4.4,40,7,65,1,33,19,219,8,16,
inglejo01,236,Jordan Hawkins,21,NOP,SG,67,10,1160,17,62,20,1,0,-0.7,-7.6,14,17,41,3,26,6,167,1,17,
blackan01,237,Trey Lyles,28,SAC,PF,58,0,1158,0,0,0,82,17,7.0,8.0,22,9,46,5,34,8,178,12,15,
hawkijo01,238,Moses Moody,21,GSW,SG,66,9,1156,0,39,56,5,0,3.3,0.7,20,13,42,6,48,13,141,13,30,
lylestr01,239,Jae Crowder,33,MIL,PF,50,25,1156,0,0,67,32,1,-2.5,-7.5,13,5,39,3,11,7,164,1,8,
moodymo01,240,Trayce Jackson-Davis,23,GSW,PF,68,16,1130,0,0,0,21,79,2.0,-1.0,23,10,76,14,73,1,204,22,39,
crowdja01,241,Malcolm Brogdon,31,POR,PG,39,25,1121,61,39,0,0,0,-3.6,8.0,34,17,32,4,50,8,517,12,29,
jackstr02,242,Dean Wade,27,CLE,PF,54,32,1108,0,0,7,88,5,10.1,10.5,8,8,53,1,10,12,106,2,3,
brogdma01,243,Josh Richardson,30,MIA,SG,43,6,1103,44,51,6,0,0,-4.2,-8.7,23,1,35,5,16,6,249,4,9,
wadede01,244,Davion Mitchell,25,SAC,PG,72,4,1101,75,25,0,0,0,-2.1,-4.6,20,16,41,0,18,17,330,6,10,
richajo01,245,Dario Šarić,29,GSW,C,64,9,1098,0,0,0,0,100,-1.1,-5.3,40,19,75,10,42,6,344,9,25,
mitchda01,246,James Wiseman,22,DET,C,63,6,1091,0,0,0,0,100,-14.1,-7.2,13,14,87,29,53,2,123,18,20,
saricda01,247,Dante Exum,28,DAL,PG,55,17,1088,100,0,0,0,0,10.8,12.0,22,20,37,3,31,20,380,5,18,
wisemja01,248,Sam Merrill,27,CLE,SG,61,1,1069,18,79,4,0,0,-0.6,-4.5,10,2,32,3,8,20,263,2,13,
exumda01,249,Dennis Smith Jr.,26,BRK,PG,56,2,1059,88,12,0,0,0,0.7,5.0,36,15,57,9,25,6,491,6,24,
merrisa01,250,Shaedon Sharpe,20,POR,SG,32,25,1059,5,77,18,0,0,-10.7,-1.8,39,20,28,9,52,9,232,12,33,
smithde03,251,Jordan Goodwin,25,2TM,PG,57,12,1055,81,17,2,0,0,-4.1,-2.7,36,15,48,2,23,2,367,5,28,
sharpsh01,251,Jordan Goodwin,25,PHO,PG,40,0,558,97,3,0,0,0,-1.6,-5.6,17,8,24,1,9,2,181,3,16,
goodwjo01,251,Jordan Goodwin,25,MEM,PG,17,12,497,64,32,4,0,0,-6.9,0.5,19,7,24,1,14,0,186,2,12,
goodwjo01,252,Marvin Bagley III,24,2TM,C,50,25,1053,0,0,0,0,100,-6.7,2.8,19,13,43,18,64,10,128,15,38,
goodwjo01,252,Marvin Bagley III,24,DET,C,26,10,478,0,0,0,1,99,-7.9,1.1,10,5,22,10,30,6,65,6,14,
baglema01,252,Marvin Bagley III,24,WAS,C,24,15,575,0,0,0,0,100,-5.7,4.2,9,8,21,8,34,4,63,9,24,
baglema01,253,Torrey Craig,33,CHI,SF,53,14,1049,0,0,17,81,2,-7.2,-7.9,17,9,60,3,16,5,131,6,8,
baglema01,254,Jalen Smith,23,IND,C,61,14,1047,0,0,0,17,83,-0.1,-4.3,13,17,82,8,48,5,139,16,13,
craigto01,255,Dalano Banton,24,2TM,PG,54,9,1047,41,57,1,0,0,-11.2,-6.4,47,19,40,8,58,1,306,13,35,
smithja04,255,Dalano Banton,24,BOS,PG,24,1,171,38,54,8,0,0,4.5,-7.0,6,1,11,3,10,1,46,2,3,
bantoda01,255,Dalano Banton,24,POR,PG,30,8,876,42,58,0,0,0,-14.3,-6.2,41,18,29,5,48,0,260,11,32,
bantoda01,256,Ziaire Williams,22,MEM,SF,51,15,1038,0,23,69,8,0,-10.9,-4.9,30,21,46,4,33,20,178,6,27,
bantoda01,257,Jae'Sean Tate,28,HOU,SF,65,9,1031,3,33,63,1,0,5.3,5.6,15,8,68,7,19,14,164,5,17,
willizi02,258,Kenrich Williams,29,OKC,PF,69,1,1029,0,1,5,60,33,10.2,3.0,19,8,59,4,3,18,230,0,18,
tateja01,259,Jose Alvarado,25,NOP,PG,56,0,1028,100,0,0,0,0,12.3,10.4,25,10,27,1,19,12,275,1,22,6MOY-6
willike04,260,Quentin Grimes,23,2TM,SG,51,18,1025,0,82,17,1,0,-0.8,-4.9,14,9,43,0,22,3,164,5,15,
alvarjo01,260,Quentin Grimes,23,NYK,SG,45,18,910,0,83,16,1,0,1.2,-4.6,11,6,35,0,18,3,127,5,13,
grimequ01,260,Quentin Grimes,23,DET,SG,6,0,115,0,77,23,0,0,-16.4,-7.8,3,3,8,0,4,0,37,0,2,
grimequ01,261,De'Anthony Melton,25,PHI,SG,38,33,1023,5,90,6,0,0,9.6,9.0,21,8,33,3,30,2,261,7,22,
grimequ01,262,Daniel Theis,31,2TM,C,60,3,1015,0,0,0,2,98,3.8,0.3,11,8,76,14,20,9,148,4,27,
meltode01,262,Daniel Theis,31,IND,C,1,0,8,0,0,0,100,0,-5.8,-8.9,0,0,0,0,0,1,0,0,1,
theisda01,262,Daniel Theis,31,LAC,C,59,3,1007,0,0,0,1,99,3.8,0.3,11,8,76,14,20,8,148,4,26,
theisda01,263,Lonnie Walker IV,25,BRK,SG,58,0,1011,20,67,13,0,0,0.2,4.3,17,14,40,4,26,3,182,5,23,
theisda01,264,Talen Horton-Tucker,23,UTA,PG,51,11,1009,57,39,4,1,0,-4.3,0.7,34,21,44,7,60,3,440,15,27,
walkelo01,265,Killian Hayes,22,DET,PG,42,31,1008,81,19,0,0,0,-10.7,-2.5,29,10,33,5,17,8,490,7,12,
hortota01,266,Jevon Carter,28,CHI,PG,72,0,1004,100,0,0,0,0,1.6,4.0,19,6,27,4,2,4,222,1,6,
hayeski01,267,Luke Kennard,27,MEM,SG,39,22,999,12,72,16,0,0,-10.0,-3.6,37,11,24,1,9,2,324,2,11,
carteje01,268,Garrison Mathews,27,ATL,SG,66,5,992,0,64,36,1,0,-4.2,-2.6,8,6,74,0,19,38,92,6,5,
kennalu01,269,Jaden Hardy,21,DAL,SG,73,7,989,13,69,18,0,0,-6.7,-11.8,32,19,44,8,35,12,261,7,28,
mathega01,270,Tre Mann,22,2TM,PG,41,28,987,100,0,0,0,0,-6.1,3.2,39,19,25,3,28,9,401,11,17,
hardyja02,270,Tre Mann,22,OKC,PG,13,0,119,100,0,0,0,0,-3.1,-11.3,5,3,1,0,0,1,46,0,0,
manntr01,270,Tre Mann,22,CHO,PG,28,28,868,100,0,0,0,0,-6.5,5.2,34,16,24,3,28,8,355,11,17,
manntr01,271,Cam Reddish,24,LAL,SF,48,26,984,3,58,36,2,0,-3.2,-4.9,8,18,35,2,23,3,111,2,18,
manntr01,272,Luke Kornet,28,BOS,C,63,7,983,0,0,0,0,100,11.2,-0.1,11,5,54,5,26,2,174,6,12,
reddica01,273,Keon Ellis,24,SAC,SG,57,21,978,13,63,24,0,0,5.5,5.5,22,8,63,2,12,8,212,2,6,
kornelu01,274,Xavier Tillman Sr.,25,2TM,PF,54,15,974,0,0,0,43,57,-1.6,0.6,14,10,43,8,22,0,195,4,23,
elliske01,274,Xavier Tillman Sr.,25,MEM,C,34,13,700,0,0,0,39,62,-6.3,1.2,13,9,33,6,18,0,142,3,20,
tillmxa01,274,Xavier Tillman Sr.,25,BOS,PF,20,2,274,0,0,0,56,44,10.2,-1.1,1,1,10,2,4,0,53,1,3,
tillmxa01,275,Josh Okogie,25,PHO,SG,60,11,960,1,23,71,6,0,0.9,-3.1,22,7,28,3,49,27,154,13,18,
tillmxa01,276,Goga Bitadze,24,ORL,C,62,33,957,0,0,0,0,100,0.3,-1.9,20,6,49,12,35,1,188,10,16,
okogijo01,277,Max Christie,20,LAL,SG,67,7,944,10,74,17,0,0,-0.5,-1.2,26,5,33,4,19,1,152,2,21,
bitadgo01,278,Kevin Love,35,MIA,PF,55,5,924,0,0,0,33,67,6.9,6.4,34,6,56,2,38,15,260,7,9,
chrisma02,279,Day'Ron Sharpe,22,BRK,C,61,1,921,0,0,0,0,100,4.7,10.0,30,16,62,18,64,1,198,19,29,
loveke01,280,Jonathan Isaac,26,ORL,PF,58,2,914,0,0,13,87,0,11.6,12.7,7,10,37,2,39,5,68,11,16,6MOY-9
sharpda01,281,Markelle Fultz,25,ORL,PG,43,18,910,59,41,0,0,0,0.6,-1.5,29,14,33,5,18,2,291,7,27,
isaacjo01,282,Doug McDermott,32,2TM,SF,64,0,904,1,21,71,6,0,-9.1,-5.8,18,2,37,3,8,0,168,1,6,
fultzma01,282,Doug McDermott,32,SAS,SF,46,0,700,2,26,65,8,0,-11.6,-6.4,15,2,28,3,7,0,137,0,6,
mcderdo01,282,Doug McDermott,32,IND,SF,18,0,204,0,6,92,2,0,-0.4,-3.6,3,0,9,0,1,0,31,1,0,
mcderdo01,283,Jaylin Williams,21,OKC,C,69,1,897,0,0,0,10,90,7.2,-0.9,21,4,55,7,19,20,269,5,10,
mcderdo01,284,Nikola Jović,20,MIA,PF,46,38,896,0,0,0,81,19,8.3,8.1,26,8,39,5,22,6,223,4,8,
willija07,285,Bryce McGowens,21,CHO,SG,59,14,882,5,61,34,1,0,-13.3,-3.5,15,5,38,3,45,10,124,9,16,
jovicni01,286,Cam Whitmore,19,HOU,SF,47,2,880,0,2,49,46,3,-1.5,-3.5,16,20,34,6,55,1,74,8,33,
mcgowbr01,287,Jaxson Hayes,23,LAL,C,70,5,877,0,0,0,3,98,-4.5,-6.3,11,5,78,23,38,2,79,13,16,
whitmca01,288,Blake Wesley,20,SAS,SG,61,3,876,37,57,6,0,0,-7.9,-1.9,38,9,51,3,41,0,415,6,15,
hayesja02,289,Malachi Flynn,25,3TM,PG,69,0,876,94,6,0,0,0,-9.9,-3.5,35,16,25,7,27,3,313,5,19,
weslebl01,289,Malachi Flynn,25,TOR,PG,31,0,474,88,12,0,0,0,-7.2,-0.8,16,10,16,4,8,3,179,2,6,
flynnma01,289,Malachi Flynn,25,NYK,PG,14,0,60,100,0,0,0,0,-3.4,-8.3,1,1,1,0,5,0,13,1,3,
flynnma01,289,Malachi Flynn,25,DET,PG,24,0,342,100,0,0,0,0,-14.8,-6.5,18,5,8,3,14,0,121,2,10,
flynnma01,290,Christian Wood,28,LAL,PF,50,1,872,0,0,46,51,3,0.4,0.0,16,18,48,12,43,2,110,10,12,
flynnma01,291,Zach LaVine,28,CHI,SG,25,23,872,0,41,57,2,0,-5.2,-4.9,21,19,24,6,45,2,237,11,20,
woodch01,292,Maxi Kleber,32,DAL,C,43,7,871,0,0,0,27,73,6.8,5.9,13,7,46,7,16,13,171,3,4,
lavinza01,293,Justin Holiday,34,DEN,SG,58,9,862,9,89,3,0,0,3.1,-3.2,10,3,45,1,2,2,156,0,4,
klebima01,294,Chimezie Metu,26,2TM,C,51,12,859,0,0,0,65,35,-5.0,-2.8,20,23,44,4,35,3,111,6,16,
holidju01,294,Chimezie Metu,26,PHO,C,37,5,448,0,0,0,55,45,-2.7,-6.7,13,8,23,2,22,2,44,1,8,
metuch01,294,Chimezie Metu,26,DET,C,14,7,411,0,0,0,75,25,-7.6,1.4,7,15,21,2,13,1,67,5,8,
metuch01,295,Trendon Watford,23,BRK,PF,63,2,856,0,0,4,67,29,-3.8,-1.0,28,17,58,11,48,4,186,14,25,
metuch01,296,Taylor Hendricks,20,UTA,PF,40,23,856,0,0,43,56,1,-7.7,-3.6,8,7,52,3,14,1,74,4,12,
watfotr01,297,Dwight Powell,32,DAL,C,63,9,836,0,0,0,0,100,0.2,-2.5,10,10,73,9,37,5,206,8,12,
hendrta01,298,Troy Brown Jr.,24,2TM,SF,59,15,827,0,18,63,19,0,-7.2,-6.6,19,6,27,3,12,2,146,1,15,
poweldw01,298,Troy Brown Jr.,24,MIN,SF,37,3,410,0,36,55,8,1,0.5,-6.7,12,2,17,2,5,2,84,0,2,
browntr01,298,Troy Brown Jr.,24,DET,SF,22,12,417,0,0,70,30,0,-14.7,-6.6,7,4,10,1,7,0,62,1,13,
browntr01,299,Marcus Morris,34,2TM,PF,49,7,817,0,0,38,58,4,-5.1,-9.0,15,4,43,6,18,0,82,4,6,
browntr01,299,Marcus Morris,34,PHI,PF,37,7,637,0,0,46,49,5,-1.8,-5.7,8,2,35,5,15,0,58,4,6,
morrima03,299,Marcus Morris,34,CLE,PF,12,0,180,0,0,8,92,0,-16.9,-20.5,7,2,8,1,3,0,24,0,0,
morrima03,300,Caleb Houstan,21,ORL,SF,59,13,815,0,28,64,7,0,-1.9,-4.7,8,3,30,1,8,1,79,1,1,
morrima03,301,Ben Sheppard,22,IND,SG,57,1,814,10,68,23,0,0,5.4,3.0,8,3,50,3,10,5,124,3,14,
houstca01,302,Jake LaRavia,22,MEM,PF,35,6,806,0,8,51,36,6,-6.9,0.5,21,14,40,6,47,1,136,7,23,
sheppbe01,303,Bismack Biyombo,31,2TM,C,40,27,791,0,0,0,59,41,-3.6,2.9,14,9,45,13,16,4,129,4,13,
laravja01,303,Bismack Biyombo,31,MEM,C,30,27,718,0,0,0,60,40,-4.2,3.8,12,8,41,12,13,4,124,4,11,
biyombi01,303,Bismack Biyombo,31,OKC,C,10,0,73,0,0,0,45,55,1.4,-6.6,2,1,4,1,3,0,5,0,2,
biyombi01,304,JT Thor,21,CHO,PF,63,3,781,0,1,7,64,28,-3.7,8.6,4,6,49,1,10,1,73,2,15,
biyombi01,305,Isaiah Jackson,22,IND,C,59,3,771,0,0,0,6,94,2.2,-1.0,12,3,71,19,49,4,111,13,22,
thorjt01,306,Mitchell Robinson,25,NYK,C,31,21,768,0,0,0,0,100,0.9,-4.7,1,14,33,5,25,2,43,4,13,
jacksis01,307,Jock Landale,28,HOU,C,56,3,763,0,0,0,3,97,9.6,10.5,8,7,39,11,31,3,156,7,22,
robinmi01,308,Cody Martin,28,CHO,SF,28,22,753,13,63,24,0,0,-9.5,1.4,26,15,30,0,17,8,249,4,19,
landajo01,309,KJ Martin,23,2TM,SF,60,2,746,0,16,60,21,3,-0.1,-3.7,7,9,38,12,22,2,129,7,29,
martico01,309,KJ Martin,23,LAC,SF,2,0,31,0,28,72,0,0,-7.7,-11.4,0,1,1,1,1,0,3,0,1,
martike04,309,KJ Martin,23,PHI,SF,58,2,715,0,16,60,22,3,0.3,-3.3,7,8,37,11,21,2,126,7,28,
martike04,310,Delon Wright,31,2TM,PG,47,1,742,86,14,0,0,0,1.8,7.3,5,7,19,2,18,6,297,3,11,
martike04,310,Delon Wright,31,WAS,PG,33,0,456,95,5,0,0,0,-4.6,5.3,4,5,12,2,12,6,204,3,11,
wrighde01,310,Delon Wright,31,MIA,PG,14,1,286,71,29,0,0,0,11.8,10.6,1,2,7,0,6,0,93,0,0,
wrighde01,311,Ish Smith,35,CHO,PG,43,5,741,100,0,0,0,0,-18.4,-9.6,33,11,40,1,1,7,346,0,7,
wrighde01,312,Mo Bamba,25,PHI,C,57,17,740,0,0,0,0,100,-3.7,-8.2,12,5,55,19,25,2,102,5,12,
smithis01,313,Nick Smith Jr.,19,CHO,SG,51,0,729,39,56,5,0,0,-14.0,-4.1,23,8,30,2,7,3,149,1,12,
bambamo01,314,Landry Shamet,26,WAS,SG,46,5,726,36,64,1,0,0,-9.4,-0.2,16,9,39,2,24,7,136,11,21,
smithni01,315,Chris Duarte,26,SAC,SF,59,11,719,0,34,63,3,0,-3.1,-5.3,10,8,38,2,13,14,101,2,11,
shamela01,316,Jordan Nwora,25,2TM,SF,52,1,712,0,1,41,54,4,-13.6,-10.9,29,12,26,3,27,2,139,9,18,
duartch01,316,Jordan Nwora,25,IND,SF,18,0,183,0,2,60,38,0,-4.1,-7.4,6,2,9,1,7,1,39,3,3,
nworajo01,316,Jordan Nwora,25,TOR,SF,34,1,529,0,1,34,59,6,-16.9,-12.1,23,10,17,2,20,1,100,6,15,
nworajo01,317,LaMelo Ball,22,CHO,PG,22,22,711,69,29,1,0,0,-9.2,1.7,37,22,26,11,40,5,396,7,14,
nworajo01,318,Chris Boucher,31,TOR,PF,50,0,705,0,0,12,55,34,2.8,11.2,6,11,46,4,50,12,53,12,14,
ballla01,319,Jacob Gilyard,25,2TM,PG,41,14,699,100,0,0,0,0,-12.3,-6.2,25,3,18,0,1,2,344,1,5,
bouchch01,319,Jacob Gilyard,25,MEM,PG,37,14,654,100,0,0,0,0,-12.4,-6.0,24,3,16,0,1,2,327,1,5,
gilyaja01,319,Jacob Gilyard,25,BRK,PG,4,0,45,100,0,0,0,0,-10.8,-7.9,1,0,2,0,0,0,17,0,0,
gilyaja01,320,Bruno Fernando,25,ATL,C,45,2,682,0,0,0,0,100,-5.6,-4.0,15,8,61,19,49,2,114,11,23,
gilyaja01,321,Dalen Terry,21,CHI,SG,59,2,681,1,36,56,7,0,2.6,4.8,19,4,41,3,17,3,188,3,5,
fernabr01,322,Gary Payton II,31,GSW,SG,44,0,680,8,78,15,0,0,7.5,5.7,12,6,39,6,11,2,119,3,12,
terryda01,323,Mason Plumlee,33,LAC,C,46,11,674,0,0,0,0,100,0.0,-4.3,18,13,38,4,50,6,127,9,14,
paytoga02,324,Dāvis Bertāns,31,2TM,PF,43,1,674,0,0,12,54,35,-7.6,0.7,9,3,24,5,11,5,83,2,8,
plumlma01,324,Dāvis Bertāns,31,OKC,PF,15,0,91,0,0,11,68,21,5.5,-2.5,0,0,6,1,5,1,22,0,1,
bertada01,324,Dāvis Bertāns,31,CHO,PF,28,1,583,0,0,12,52,37,-9.6,1.2,9,3,18,4,6,4,61,2,7,
bertada01,325,Keita Bates-Diop,28,2TM,SF,53,8,665,0,10,47,42,1,-4.3,-7.9,4,7,23,1,21,0,92,8,16,
bertada01,325,Keita Bates-Diop,28,PHO,SF,39,8,597,0,3,50,47,1,-3.4,-7.8,4,6,22,0,18,0,83,8,15,
bateske01,325,Keita Bates-Diop,28,BRK,SF,14,0,68,0,76,22,2,0,-12.0,-9.2,0,1,1,1,3,0,9,0,1,
bateske01,326,Jalen Wilson,23,BRK,PF,43,3,664,0,8,38,48,5,0.2,3.8,3,8,29,4,17,2,108,5,11,
bateske01,327,Craig Porter Jr.,23,CLE,PG,51,6,649,87,13,0,0,0,-1.9,-5.4,31,8,30,1,28,1,291,8,16,
wilsoja03,328,Rayan Rupert,19,POR,SG,39,12,633,5,51,43,0,0,-10.4,-1.2,14,11,38,3,11,3,154,1,21,
portecr01,329,Oshae Brissett,25,BOS,SF,55,1,630,0,15,56,29,1,10.4,-1.0,8,7,29,2,40,0,116,6,9,
ruperra01,330,Danilo Gallinari,35,3TM,SF,49,0,630,0,0,10,27,63,-9.3,-3.3,7,14,30,1,36,2,134,7,8,
brissos01,330,Danilo Gallinari,35,WAS,PF,26,0,385,0,0,0,9,91,-11.3,-2.2,3,7,20,1,17,2,76,3,4,
gallida01,330,Danilo Gallinari,35,DET,SF,6,0,90,0,0,7,48,45,10.6,19.9,0,1,5,0,11,0,31,2,2,
gallida01,330,Danilo Gallinari,35,MIL,SF,17,0,155,0,1,37,59,3,-15.8,-19.2,4,6,5,0,8,0,27,2,2,
gallida01,331,Jordan McLaughlin,27,MIN,PG,56,0,626,66,34,0,0,0,12.6,7.2,13,4,16,2,4,11,267,0,5,
gallida01,332,Seth Curry,33,2TM,SG,44,4,616,30,57,13,0,0,3.3,5.0,10,4,16,3,12,7,107,6,9,
mclaujo01,332,Seth Curry,33,DAL,SG,36,3,457,40,52,9,0,0,7.3,5.8,8,2,13,2,8,4,72,5,5,
curryse01,332,Seth Curry,33,CHO,SG,8,1,159,3,72,25,0,0,-8.0,2.7,2,2,3,1,4,3,35,1,4,
curryse01,333,A.J. Green,24,MIL,SG,56,0,614,20,65,15,0,0,4.8,2.3,7,3,24,0,4,8,72,2,3,
curryse01,334,Johnny Davis,21,WAS,SG,50,6,613,12,69,19,0,0,-10.8,-1.8,3,8,29,2,7,5,77,1,13,
greenaj01,335,MarJon Beauchamp,23,MIL,SF,48,1,608,0,21,69,10,0,-0.9,-4.3,11,10,28,1,14,1,72,1,17,
davisjo06,336,Marcus Smart,29,MEM,PG,20,20,605,66,34,0,0,0,-1.2,7.2,34,12,16,8,16,12,210,5,5,
beaucma01,337,Mike Muscala,32,3TM,C,53,6,600,0,0,0,14,86,-7.3,-1.0,11,6,32,3,9,4,93,2,10,
smartma01,337,Mike Muscala,32,WAS,C,24,2,338,0,0,0,0,100,-18.4,-10.0,7,5,17,3,7,2,53,1,5,
muscami01,337,Mike Muscala,32,DET,C,13,4,171,0,0,0,46,54,12.0,21.8,2,0,9,0,1,2,28,0,5,
muscami01,337,Mike Muscala,32,OKC,C,16,0,91,0,0,0,8,92,-2.1,-10.3,2,1,6,0,1,0,12,1,0,
muscami01,338,Jericho Sims,25,NYK,C,45,11,585,0,0,0,0,100,-0.8,-6.5,6,3,23,7,13,2,60,6,2,
muscami01,339,Brice Sensabaugh,20,UTA,SF,32,11,584,0,12,76,12,0,-13.8,-10.5,19,18,26,5,18,4,129,3,13,
simsje01,340,Jarred Vanderbilt,24,LAL,PF,29,6,581,0,14,68,18,1,4.6,4.9,11,7,22,5,20,11,86,6,13,
sensabr01,341,Shake Milton,27,3TM,SG,48,0,581,21,71,8,0,0,-4.2,-10.2,20,7,36,2,23,7,139,6,17,
vandeja01,341,Shake Milton,27,MIN,SG,38,0,491,23,71,6,0,0,-3.1,-11.0,19,5,27,2,20,3,116,5,14,
miltosh01,341,Shake Milton,27,DET,SG,4,0,63,0,74,26,0,0,-21.3,-12.7,1,2,3,0,2,4,14,1,0,
miltosh01,341,Shake Milton,27,NYK,SG,6,0,27,29,65,7,0,0,14.7,10.1,0,0,6,0,1,0,9,0,3,
miltosh01,342,Evan Fournier,31,2TM,SG,32,0,580,0,44,56,0,0,-12.3,-4.9,11,8,29,0,13,2,109,2,6,
miltosh01,342,Evan Fournier,31,NYK,SG,3,0,39,0,12,88,0,0,-17.1,-22.1,0,0,3,0,1,0,6,0,0,
fournev01,342,Evan Fournier,31,DET,SG,29,0,541,0,46,54,0,0,-12.0,-3.6,11,8,26,0,12,2,103,2,6,
fournev01,343,Zeke Nnaji,23,DEN,PF,58,0,576,0,0,0,9,91,-12.7,-21.4,6,7,47,13,26,0,78,6,23,
fournev01,344,Trey Jemison,24,2TM,C,25,14,573,0,0,0,0,100,-9.2,-2.2,11,11,42,9,14,2,64,3,16,
nnajize01,344,Trey Jemison,24,WAS,C,2,0,1,0,0,0,0,100,100.0,109.3,1,0,0,0,0,0,0,0,0,
jemistr01,344,Trey Jemison,24,MEM,C,23,14,572,0,0,0,0,100,-9.4,-2.4,10,11,42,9,14,2,64,3,16,
jemistr01,345,Andre Jackson Jr.,22,MIL,SG,57,8,572,10,59,30,1,0,-6.5,-10.8,17,5,36,4,5,3,126,0,3,
jemistr01,346,Jared Butler,23,WAS,SG,40,0,566,95,5,0,0,0,-5.3,4.6,35,11,36,2,16,9,295,5,13,
jacksan01,347,Kevin Knox,24,DET,SF,31,11,560,0,7,79,14,0,-7.2,1.9,11,4,31,1,13,2,54,5,12,
butleja02,348,Lamar Stevens,26,2TM,PF,38,3,559,0,30,31,32,7,1.0,4.9,11,10,24,2,26,2,66,8,21,
knoxke01,348,Lamar Stevens,26,BOS,PF,19,1,122,0,0,10,69,22,4.4,-7.0,3,6,7,0,6,0,20,1,3,
stevela01,348,Lamar Stevens,26,MEM,PF,19,2,437,0,38,37,22,3,0.0,8.2,8,4,17,2,20,2,46,7,18,
stevela01,349,Richaun Holmes,30,2TM,C,40,10,555,0,0,0,3,97,-7.8,-3.6,5,6,36,10,19,4,61,5,18,
stevela01,349,Richaun Holmes,30,DAL,C,23,2,237,0,0,0,5,95,-8.1,-10.9,4,1,15,5,7,1,36,3,4,
holmeri01,349,Richaun Holmes,30,WAS,PF,17,8,318,0,0,0,1,99,-7.6,1.8,1,5,21,5,12,3,25,2,14,
holmeri01,350,Tristan Thompson,32,CLE,C,49,0,549,0,0,0,13,87,0.4,-2.6,6,8,23,9,16,0,129,3,12,
holmeri01,351,Julian Strawther,21,DEN,SF,50,0,545,0,14,77,9,0,-8.4,-16.3,4,8,26,8,9,2,111,2,9,
thomptr01,352,Omer Yurtseven,25,UTA,C,48,12,545,0,0,0,0,100,-13.8,-10.4,12,11,27,12,14,0,69,6,12,
strawju01,353,Vit Krejci,23,ATL,PG,22,14,541,96,4,0,0,0,-1.7,0.6,12,6,27,1,3,3,127,1,7,
yurtsom01,354,Bones Hyland,23,LAC,PG,37,5,540,100,0,0,0,0,-7.1,-12.4,21,13,14,5,9,0,214,1,20,
krejcvi01,355,Jalen McDaniels,26,TOR,SF,50,1,538,0,2,19,66,12,-14.4,-9.2,14,11,25,3,19,2,90,5,18,
hylanbo01,356,Scotty Pippen Jr.,23,MEM,PG,21,16,527,81,19,0,0,0,-7.5,-0.3,33,14,25,3,25,13,246,4,12,
mcdanja01,357,Sasha Vezenkov,28,SAC,PF,42,0,511,0,0,30,64,6,0.7,-0.7,4,4,16,2,7,2,49,1,9,
pippesc02,358,Danuel House Jr.,30,PHI,SF,34,4,509,0,39,48,12,1,1.8,-1.4,11,3,30,1,26,3,65,8,7,
vezenal01,359,Mark Williams,22,CHO,C,19,19,508,0,0,0,0,100,-0.8,11.3,5,2,26,7,30,0,57,4,18,
houseda01,360,Jaden Springer,21,2TM,SG,49,2,507,22,64,14,0,0,-0.4,-6.2,11,10,34,7,19,10,104,2,16,
willima07,360,Jaden Springer,21,PHI,SG,32,1,377,28,57,15,0,0,-6.2,-10.2,10,6,25,5,16,6,83,2,14,
sprinja01,360,Jaden Springer,21,BOS,SG,17,1,130,6,83,12,0,0,16.3,5.2,1,4,9,2,3,4,21,0,2,
sprinja01,361,Patrick Baldwin Jr.,21,WAS,SF,38,7,493,0,0,6,61,33,-2.9,7.2,6,7,37,4,15,2,74,8,4,
sprinja01,362,Robert Covington,33,2TM,SF,29,6,488,0,20,65,15,0,11.7,9.3,2,4,22,3,12,2,57,2,7,
baldwpa01,362,Robert Covington,33,LAC,PF,3,3,69,0,0,96,4,0,32.8,29.7,0,0,3,0,1,1,19,0,0,
covinro01,362,Robert Covington,33,PHI,SF,26,3,419,0,23,60,16,0,8.3,5.9,2,4,19,3,11,1,38,2,7,
covinro01,363,P.J. Tucker,38,2TM,PF,31,10,486,0,0,50,44,6,-0.2,-4.5,5,0,29,1,2,5,42,1,2,
covinro01,363,P.J. Tucker,38,PHI,PF,3,3,66,0,0,88,12,0,22.9,20.2,1,0,7,0,0,1,0,0,0,
tuckepj01,363,P.J. Tucker,38,LAC,PF,28,7,420,0,0,44,50,7,-3.9,-8.3,4,0,22,1,2,4,42,1,2,
tuckepj01,364,Tari Eason,22,HOU,PF,22,0,480,0,1,40,59,0,10.7,10.9,9,3,31,2,16,2,65,5,17,
tuckepj01,365,Monte Morris,28,2TM,PG,33,0,476,73,25,1,0,0,8.8,4.8,6,1,7,0,7,4,174,2,6,
easonta01,365,Monte Morris,28,DET,PG,6,0,68,100,0,0,0,0,-2.2,6.8,2,0,0,0,1,0,22,0,3,
morrimo01,365,Monte Morris,28,MIN,PG,27,0,408,69,30,1,0,0,10.6,4.5,4,1,7,0,6,4,152,2,3,
morrimo01,366,Bol Bol,24,PHO,PF,43,0,469,0,0,1,79,20,2.7,-0.7,7,8,29,0,9,0,41,5,3,
morrimo01,367,Isaiah Livers,25,DET,PF,23,6,469,0,0,8,90,3,-18.5,-11.0,6,4,34,1,7,0,60,1,8,
bolbo01,368,Anthony Gill,31,WAS,PF,50,3,466,0,0,2,29,70,-0.1,10.4,14,5,25,3,13,2,86,2,16,
liveris01,369,Yuta Watanabe,29,2TM,SF,34,0,464,2,11,45,43,0,-8.5,-10.7,12,5,32,0,7,2,36,1,6,
gillan01,369,Yuta Watanabe,29,PHO,SF,29,0,382,0,0,49,51,0,-5.9,-10.2,9,5,28,0,6,2,24,1,4,
watanyu01,369,Yuta Watanabe,29,MEM,SF,5,0,82,9,62,26,4,0,-20.3,-13.2,3,0,4,0,1,0,12,0,2,
watanyu01,370,Nassir Little,23,PHO,SF,45,2,458,1,17,65,17,1,-6.8,-11.3,9,3,26,1,7,2,54,3,6,
watanyu01,371,Sandro Mamukelashvili,24,SAS,C,46,5,451,0,0,0,54,46,4.9,12.7,9,6,17,2,17,1,116,2,11,
littlna01,372,Alex Len,30,SAC,C,48,0,444,0,0,0,0,100,14.4,14.7,5,6,37,14,16,1,126,4,10,
mamuksa01,373,Thomas Bryant,26,MIA,C,38,4,441,0,0,0,2,98,2.2,0.2,2,2,26,10,24,0,59,5,10,
lenal01,374,Thaddeus Young,35,2TM,PF,33,6,439,0,0,2,17,81,-4.8,-0.2,7,6,30,1,6,4,126,3,10,
bryanth01,374,Thaddeus Young,35,TOR,PF,23,6,350,0,0,0,4,96,-5.2,1.3,5,5,24,1,5,4,111,2,8,
youngth01,374,Thaddeus Young,35,PHO,PF,10,0,89,0,0,11,67,23,-3.0,-6.4,2,1,6,0,1,0,15,1,2,
youngth01,375,Skylar Mays,26,2TM,PG,38,5,433,86,14,0,0,0,-13.7,-6.5,13,4,14,0,7,3,204,2,10,
youngth01,375,Skylar Mays,26,POR,PG,21,5,356,90,10,0,0,0,-14.9,-6.1,12,4,10,0,7,1,180,2,9,
mayssk01,375,Skylar Mays,26,LAL,SG,17,0,77,70,30,0,0,0,-7.9,-8.5,1,0,4,0,0,2,24,0,1,
mayssk01,376,Chuma Okeke,25,ORL,SF,47,8,432,1,61,34,5,0,-8.8,-11.9,8,3,8,1,3,0,52,1,2,
mayssk01,377,Dominick Barlow,20,SAS,PF,33,1,420,0,0,2,21,78,-4.7,1.8,5,0,30,3,18,2,85,2,8,
okekech01,378,Reggie Bullock,32,HOU,SF,44,0,417,7,35,47,11,0,-5.9,-7.9,9,0,12,1,1,0,33,1,2,
barlodo01,379,Patty Mills,35,2TM,PG,32,5,415,62,38,0,0,0,1.1,1.2,11,3,14,2,3,7,86,1,4,
bullore01,379,Patty Mills,35,ATL,PG,19,0,202,77,23,0,0,0,-9.3,-7.5,6,1,9,1,0,3,37,1,1,
millspa02,379,Patty Mills,35,MIA,PG,13,5,213,47,53,0,0,0,11.0,9.5,5,2,5,1,3,4,49,0,3,
millspa02,380,Trent Forrest,25,ATL,SG,38,0,414,40,54,6,0,0,-10.7,-9.4,11,6,17,1,6,2,223,1,5,
millspa02,381,Svi Mykhailiuk,26,BOS,SF,41,2,413,0,48,50,2,0,16.9,6.3,11,0,15,1,4,4,81,1,4,
forretr01,382,Wesley Matthews,37,ATL,SG,36,3,413,0,2,72,26,0,-6.4,-4.6,3,3,23,2,8,6,56,1,6,
mykhasv01,383,Aleksej Pokusevski,22,2TM,PF,28,0,405,0,0,0,42,58,-8.7,-0.4,12,3,10,1,21,2,87,3,4,
matthwe02,383,Aleksej Pokusevski,22,OKC,PF,10,0,60,0,0,0,57,43,-32.3,-40.8,1,1,2,0,2,0,15,0,0,
pokusal01,383,Aleksej Pokusevski,22,CHO,PF,18,0,345,0,0,0,39,61,-4.6,6.6,11,2,8,1,19,2,72,3,4,
pokusal01,384,Luka Šamanić,24,UTA,PF,43,7,404,0,0,6,59,35,-6.1,-1.3,8,11,21,5,28,1,44,10,17,
pokusal01,385,Javon Freeman-Liberty,24,TOR,PG,22,6,403,88,12,0,0,0,-18.3,-13.2,13,6,12,4,15,2,96,1,15,
samanlu01,386,Derrick Rose,35,MEM,PG,24,7,399,99,1,0,0,0,-3.9,3.8,24,4,11,1,15,8,187,3,15,
freemja01,387,DeAndre Jordan,35,DEN,C,36,2,396,0,0,0,0,100,-9.1,-16.2,7,3,32,11,24,1,58,7,11,
rosede01,388,Kobe Brown,24,LAC,PF,44,0,394,0,0,1,89,10,-9.2,-14.3,3,3,29,2,1,1,61,0,6,
jordade01,389,Lester Quiñones,23,GSW,SG,37,0,394,2,45,44,8,0,1.7,-1.1,9,1,21,3,13,9,82,1,8,
brownko01,390,Eugene Omoruyi,26,WAS,SF,43,0,393,0,0,22,66,12,-15.6,-7.1,10,4,29,5,27,9,76,7,17,
quinole01,391,Matt Ryan,26,NOP,SF,28,1,390,10,20,60,10,0,1.6,-3.4,8,4,17,2,5,1,42,2,1,
omorueu01,392,Justin Minaya,24,POR,SF,34,1,381,1,29,60,11,0,-9.8,-0.4,3,2,18,1,3,4,50,1,5,
ryanma01,393,Johnny Juzang,22,UTA,SG,20,5,372,0,36,53,11,0,-2.6,2.5,5,4,17,2,7,2,55,1,4,
minayju01,394,Noah Clowney,19,BRK,PF,23,4,370,0,0,31,44,25,-6.0,-3.4,5,7,15,2,13,1,46,4,8,
juzanjo01,395,Tosan Evbuomwan,22,2TM,SF,17,8,367,0,3,26,71,0,-16.1,-8.0,5,2,17,1,13,2,41,1,5,
clownno01,395,Tosan Evbuomwan,22,MEM,SF,4,0,74,0,13,75,11,0,-17.8,-10.7,1,0,4,0,0,1,16,0,1,
evbuoto01,395,Tosan Evbuomwan,22,DET,SF,13,8,293,0,0,14,86,0,-15.6,-7.3,4,2,13,1,13,1,25,1,4,
evbuoto01,396,Ousmane Dieng,20,OKC,PF,33,0,365,0,0,14,68,18,1.2,-7.4,9,9,13,1,8,1,93,2,3,
evbuoto01,397,Jontay Porter,24,TOR,PF,26,5,360,0,0,0,3,97,-9.4,-3.2,16,2,17,3,7,1,140,0,3,
diengou01,398,Ben Simmons,27,BRK,PG,15,12,359,61,38,1,0,0,-3.1,-0.2,17,4,15,4,5,3,217,1,3,
portejo01,399,Brandon Boston Jr.,22,LAC,SF,32,0,345,2,46,43,7,2,-15.2,-20.6,4,11,26,4,14,3,29,1,13,
simmobe01,400,Jarace Walker,20,IND,PF,33,0,340,0,0,27,67,7,3.3,0.4,12,5,17,0,3,2,89,1,1,
bostobr01,401,JaVale McGee,36,SAC,C,46,0,339,0,0,0,0,100,-2.2,-3.9,12,7,17,12,25,1,40,7,5,
walkeja02,402,Olivier-Maxence Prosper,21,DAL,PF,40,1,336,0,0,10,78,12,-12.2,-15.7,3,3,12,1,19,3,56,3,6,
mcgeeja01,403,Jeremiah Robinson-Earl,23,NOP,PF,39,1,334,0,0,0,55,45,-0.9,-6.1,9,6,12,0,9,2,49,2,3,
prospol01,404,Neemias Queta,24,BOS,C,28,0,333,0,0,0,7,93,19.9,9.4,2,2,34,6,15,1,54,4,12,
robinje02,405,Julian Phillips,20,CHI,SF,40,0,323,0,1,41,57,0,-2.5,-1.2,3,3,29,0,12,3,30,5,7,
quetane01,406,Cody Zeller,31,NOP,C,43,0,320,0,0,0,0,100,7.3,2.9,6,2,24,6,14,4,92,3,10,
phillju01,407,Ja Morant,24,MEM,PG,9,9,318,100,0,0,0,0,0.3,8.3,16,10,7,1,29,5,172,7,16,
zelleco01,408,Ashton Hagans,24,POR,PG,19,1,316,100,0,0,0,0,-3.1,6.8,19,6,23,2,7,1,126,1,9,
moranja01,409,Devonte' Graham,28,SAS,PG,23,0,313,62,38,0,0,0,4.4,11.7,13,1,7,0,8,1,116,4,4,
haganas01,410,A.J. Lawson,23,DAL,SG,42,0,311,6,41,51,3,0,2.7,0.6,7,2,16,1,12,0,51,2,8,
grahade01,411,Nathan Mensah,25,CHO,C,25,0,307,0,0,0,0,100,-21.8,-12.1,0,3,39,10,5,10,22,0,2,
lawsoaj01,412,Stanley Umude,24,DET,SG,24,2,307,0,13,66,21,0,-10.6,-1.9,7,4,26,1,13,4,24,3,4,
mensana01,413,Orlando Robinson,23,MIA,C,36,7,304,0,0,0,0,100,1.7,-0.4,9,2,22,5,11,0,84,3,7,
umudest01,414,Furkan Korkmaz,26,PHI,SG,35,0,300,13,48,30,8,0,6.0,3.3,5,3,13,1,10,2,57,6,2,
robinor01,415,Cory Joseph,32,GSW,PG,26,0,296,85,15,1,0,0,-0.4,-3.4,6,2,15,1,1,3,109,0,2,
korkmfu01,416,Ricky Council IV,22,PHI,SG,32,0,289,0,27,59,14,0,2.8,-0.2,2,0,9,1,35,0,38,9,6,
josepco01,417,Garrett Temple,37,TOR,SG,27,2,289,13,62,26,0,0,-14.2,-8.4,9,2,18,1,7,2,69,0,5,
councri01,418,Leaky Black,24,CHO,SF,26,3,284,0,0,45,54,0,-6.3,4.6,3,1,9,2,5,2,61,1,5,
templga01,419,Lindy Waters III,26,OKC,SG,38,0,280,9,44,33,15,0,-7.5,-16.6,4,1,15,0,1,0,62,1,1,
blackle01,420,Kessler Edwards,23,SAC,SF,54,0,275,0,3,54,40,3,-4.4,-6.1,3,0,17,0,5,4,38,1,6,
waterli01,421,Damian Jones,28,CLE,C,39,0,270,0,0,0,0,100,-18.4,-22.6,4,2,14,5,14,0,40,7,3,
edwarke02,422,Onuralp Bitim,24,CHI,SG,23,1,268,0,19,66,15,0,-6.9,-5.9,6,1,17,1,1,2,31,1,5,
jonesda03,423,Kira Lewis Jr.,22,3TM,PG,28,0,265,95,5,0,0,0,-13.3,-14.0,9,1,7,1,12,1,91,4,5,
bitimon01,423,Kira Lewis Jr.,22,NOP,PG,15,0,144,90,10,0,0,0,-5.3,-10.3,5,1,4,1,7,0,45,3,4,
lewiski01,423,Kira Lewis Jr.,22,TOR,PG,1,0,2,100,0,0,0,0,-200.0,-193.6,0,0,0,0,0,0,0,0,0,
lewiski01,423,Kira Lewis Jr.,22,UTA,PG,12,0,119,100,0,0,0,0,-19.8,-15.4,4,0,3,0,5,1,46,1,1,
lewiski01,424,Jamal Cain,24,MIA,PF,26,1,259,0,0,35,65,0,-4.3,-6.8,2,2,10,0,12,1,24,1,3,
lewiski01,425,Jared Rhoden,24,DET,SG,17,0,245,0,16,72,12,0,-7.0,2.0,4,3,19,0,4,2,31,0,3,
cainja01,426,Justin Champagnie,22,WAS,SF,15,1,235,0,42,49,10,0,-13.1,-4.1,8,2,10,0,5,0,41,1,6,
rhodeja01,427,Javonte Green,30,CHI,SF,9,5,230,0,3,78,19,0,6.6,8.5,2,3,12,0,7,0,12,3,4,
champju01,428,Ibou Badji,21,POR,C,22,1,226,0,0,0,0,100,-20.0,-11.3,2,7,30,4,5,1,28,0,3,
greenja02,429,Collin Gillespie,24,DEN,PG,24,0,225,100,0,0,0,0,4.5,-1.1,7,1,10,2,6,2,64,2,3,
badjiib01,430,Gabe Vincent,27,LAL,PG,11,0,218,38,62,0,0,0,6.3,6.2,3,2,10,0,1,3,48,0,2,
gilleco01,431,Markieff Morris,34,DAL,PF,26,1,216,0,0,0,43,57,-14.4,-17.5,6,4,6,1,3,0,39,0,2,
vincega01,432,Jaylen Nowell,24,2TM,SG,13,1,214,63,29,8,0,0,-8.5,-0.7,6,0,8,0,5,1,52,1,2,
morrima02,432,Jaylen Nowell,24,MEM,SG,9,1,156,87,13,0,0,0,-1.6,5.9,4,0,7,0,2,1,44,1,0,
nowelja01,432,Jaylen Nowell,24,DET,SG,4,0,58,0,71,29,0,0,-27.0,-18.4,2,0,1,0,3,0,8,0,2,
nowelja01,433,Théo Maledon,22,2TM,PG,17,1,213,89,11,0,0,0,-14.8,-5.2,11,3,13,1,8,5,66,3,7,
nowelja01,433,Théo Maledon,22,CHO,PG,13,1,200,94,6,0,0,0,-14.1,-3.7,10,3,11,0,6,5,66,2,5,
maledth01,433,Théo Maledon,22,PHO,PG,4,0,13,19,81,0,0,0,-25.9,-29.3,1,0,2,1,2,0,0,1,2,
maledth01,434,Charles Bassey,23,SAS,C,19,0,205,0,0,0,37,63,-10.5,-4.4,10,2,20,2,3,0,52,2,1,
maledth01,435,Taj Gibson,38,2TM,PF,20,1,204,0,0,0,44,56,-6.9,-9.5,0,2,18,3,1,0,26,0,3,
bassech01,435,Taj Gibson,38,NYK,PF,16,1,165,0,0,0,39,61,-6.2,-11.4,0,2,17,3,1,0,22,0,1,
gibsota01,435,Taj Gibson,38,DET,PF,4,0,39,0,0,0,62,38,-10.1,-1.2,0,0,1,0,0,0,4,0,2,
gibsota01,436,Moses Brown,24,POR,C,22,5,200,0,0,0,0,100,-17.1,-8.1,3,4,20,2,16,0,14,3,12,
gibsota01,437,Kenneth Lofton Jr.,21,3TM,PF,21,0,199,0,0,0,57,43,-1.5,4.4,4,5,12,5,15,1,81,6,7,
brownmo01,437,Kenneth Lofton Jr.,21,MEM,PF,15,0,99,0,0,0,57,43,2.9,10.5,1,2,7,3,9,1,36,3,6,
loftoke01,437,Kenneth Lofton Jr.,21,PHI,PF,2,0,9,0,0,0,41,59,-74.0,-77.2,0,2,0,0,0,0,0,0,1,
loftoke01,437,Kenneth Lofton Jr.,21,UTA,PF,4,0,91,0,0,0,59,41,0.9,5.9,3,1,5,2,6,0,45,3,0,
loftoke01,438,Kobe Bufkin,20,ATL,SG,17,0,196,62,38,0,0,0,-8.7,-6.8,7,0,11,0,4,0,58,2,7,
loftoke01,439,Colby Jones,21,SAC,SG,30,0,192,6,71,23,0,0,3.0,1.7,6,2,16,0,5,1,47,1,4,
bufkiko01,440,Gui Santos,21,GSW,PF,23,0,192,0,0,28,64,9,4.4,1.7,5,1,18,0,8,0,32,1,4,
jonesco02,441,Terry Taylor,24,CHI,PF,31,0,188,0,0,0,65,36,4.3,6.0,2,2,10,2,3,0,26,1,2,
santogu01,442,Micah Potter,25,UTA,PF,16,0,186,0,0,3,62,35,-7.8,-3.1,3,0,7,2,4,0,13,2,1,
taylote01,443,Saben Lee,24,PHO,PG,24,0,185,97,3,0,0,0,5.2,2.1,4,0,7,1,19,2,70,1,7,
pottemi01,444,Otto Porter Jr.,30,TOR,SF,15,1,174,0,12,63,22,2,4.2,11.1,1,0,11,1,2,0,18,1,2,
leesa01,445,AJ Griffin,20,ATL,SF,20,0,171,0,5,58,36,1,-13.7,-12.0,4,3,3,0,1,0,13,0,3,
porteot01,446,Joe Harris,32,DET,SG,16,0,170,0,1,53,47,0,-13.8,-5.1,3,0,9,1,1,2,24,0,4,
griffaj01,447,Trevelin Queen,26,ORL,SG,14,0,165,12,59,30,0,0,0.6,-1.2,5,2,8,0,6,1,48,2,0,
harrijo01,448,Zavier Simpson,26,MEM,PG,7,0,161,100,0,0,0,0,-9.4,-2.2,8,2,8,0,2,0,63,0,7,
queentr01,449,Thanasis Antetokounmpo,31,MIL,PF,34,0,155,0,0,9,34,58,-11.8,-15.1,4,5,11,1,1,1,44,0,3,
simpsza01,450,Tristan Vukcevic,20,WAS,C,10,4,153,0,0,0,14,86,10.7,20.8,4,2,16,2,12,1,31,4,3,
antetth01,451,Darius Bazley,23,2TM,PF,9,0,152,0,0,24,71,5,-8.4,-4.2,3,4,2,0,6,0,19,2,4,
vukcetr01,451,Darius Bazley,23,PHI,PF,3,0,10,0,0,0,66,34,-5.9,-8.9,1,0,0,0,0,0,5,0,1,
bazleda01,451,Darius Bazley,23,UTA,PF,6,0,142,0,0,25,71,3,-8.6,-3.8,2,4,2,0,6,0,14,2,3,
bazleda01,452,DeJon Jarreau,26,MEM,SG,9,0,150,83,17,0,0,0,-5.7,1.7,7,1,4,0,5,1,60,1,1,
bazleda01,453,Jules Bernard,24,WAS,SG,19,0,149,2,63,36,0,0,4.7,14.5,3,3,8,1,6,2,39,3,2,
jarrede01,454,Jeff Dowtin Jr.,26,PHI,PG,12,0,142,52,42,5,0,0,5.9,3.0,2,2,0,1,3,2,65,2,2,
bernaju01,455,Sidy Cissoko,19,SAS,SF,12,0,141,0,0,63,37,0,9.1,16.0,0,2,7,0,8,0,26,1,2,
dowtije01,456,Brandon Clarke,27,MEM,PF,6,1,134,0,13,46,36,5,-5.6,1.7,1,1,6,1,3,1,20,2,5,
cissosi01,457,Emoni Bates,20,CLE,SF,15,0,133,5,31,63,1,0,-32.3,-36.1,4,4,4,0,2,2,25,0,3,
clarkbr01,458,Dru Smith,26,MIA,SG,9,0,131,72,28,0,0,0,-14.1,-16.7,5,0,6,0,1,3,33,0,1,
batesem01,459,Jeenathan Williams,24,HOU,SG,22,0,129,23,74,3,0,0,9.6,8.8,2,0,7,0,8,0,16,3,8,
smithdr01,460,T.J. Warren,30,MIN,SF,11,0,125,0,3,28,69,0,19.4,13.3,1,0,6,1,2,0,22,0,1,
willije02,461,Timmy Allen,24,MEM,SF,5,0,125,0,38,53,9,0,-24.0,-17.3,1,0,13,0,1,2,13,0,1,
warretj01,462,Jalen Pickett,24,DEN,SG,27,0,122,85,15,0,0,0,-2.3,-8.1,5,1,9,0,1,1,52,0,1,
allenti01,463,Luka Garza,25,MIN,C,25,0,122,0,0,0,0,100,0.9,-5.8,3,3,13,0,12,5,10,3,5,
pickeja02,464,Mãozinha Pereira,23,MEM,SF,7,1,122,0,27,55,18,0,2.4,10.0,1,4,7,0,6,0,6,2,2,
garzalu01,465,Jahmi'us Ramsey,22,TOR,SG,7,1,121,27,54,19,0,0,-9.8,-3.5,6,0,6,0,3,1,19,0,2,
pereima01,466,Marques Bolden,25,2TM,C,11,2,121,0,0,0,0,100,-6.6,3.7,0,0,7,2,1,0,11,0,0,
ramseja01,466,Marques Bolden,25,MIL,C,2,0,3,0,0,0,0,100,145.2,142.6,0,0,1,0,0,0,0,0,0,
boldema01,466,Marques Bolden,25,CHO,C,9,2,118,0,0,0,0,100,-10.4,0.2,0,0,6,2,1,0,11,0,0,
boldema01,467,Mouhamadou Gueye,25,TOR,PF,11,0,120,0,0,0,10,91,-31.7,-26.1,7,2,13,1,2,1,14,1,6,
boldema01,468,Xavier Moon,29,LAC,SG,14,1,119,68,32,0,0,0,-17.5,-21.8,4,1,6,0,0,0,49,0,0,
gueyemo01,469,Robert Williams,26,POR,C,6,0,119,0,0,0,18,82,-12.2,-3.0,2,2,12,2,5,0,12,3,4,
moonxa01,470,Brandon Williams,24,DAL,PG,17,0,113,100,0,0,0,0,-22.6,-25.5,5,1,4,0,10,3,38,3,5,
williro04,471,Udoka Azubuike,24,PHO,C,16,0,113,0,0,0,0,100,-17.1,-21.0,0,2,12,2,6,1,6,1,3,
willibr03,472,Matthew Hurt,23,MEM,PF,8,0,113,0,0,10,43,47,-8.1,-0.9,1,0,6,1,1,0,10,0,1,
azubuud01,473,Jalen Hood-Schifino,20,LAL,SG,21,0,109,2,70,28,0,0,-23.7,-24.8,6,3,7,0,8,0,19,0,5,
hurtma01,474,Dylan Windler,27,3TM,SF,17,0,108,0,2,24,74,0,-8.2,-7.3,1,0,5,0,0,0,24,0,0,
hoodsja01,474,Dylan Windler,27,NYK,SF,3,0,7,0,0,0,100,0,59.5,54.9,0,0,1,0,0,0,3,0,0,
windldy01,474,Dylan Windler,27,LAL,SF,8,0,28,0,7,50,43,0,-4.0,-4.4,0,0,2,0,0,0,14,0,0,
windldy01,474,Dylan Windler,27,ATL,SF,6,0,73,0,0,17,83,0,-16.4,-14.4,1,0,2,0,0,0,7,0,0,
windldy01,475,Malik Williams,25,TOR,C,7,2,107,0,0,0,0,100,-23.6,-17.6,1,0,7,2,1,0,5,0,7,
windldy01,476,Armoni Brooks,25,BRK,PG,10,0,104,72,28,0,0,0,11.0,14.4,3,0,1,0,1,0,10,1,4,
willima11,477,Maxwell Lewis,21,LAL,SF,34,0,103,0,20,72,8,1,-37.5,-39.0,4,4,4,0,1,0,12,0,3,
brookar01,478,Harry Giles,25,2TM,C,23,0,100,0,0,0,50,50,-21.0,-18.8,2,2,12,2,8,0,14,3,2,
lewisma05,478,Harry Giles,25,BRK,C,16,0,81,0,0,0,43,57,-4.7,-1.8,2,2,12,2,8,0,14,3,1,
gilesha01,478,Harry Giles,25,LAL,C,7,0,19,0,0,0,79,21,-90.5,-91.4,0,0,0,0,0,0,0,0,1,
gilesha01,479,Olivier Sarr,24,OKC,C,15,0,98,0,0,0,0,100,1.1,-7.0,0,2,11,1,7,0,6,1,0,
gilesha01,480,Jamaree Bouyea,24,2TM,PG,9,0,95,95,5,0,0,0,-8.0,0.1,4,3,7,1,0,1,29,0,2,
sarrol01,480,Jamaree Bouyea,24,POR,PG,6,0,57,100,0,0,0,0,-20.6,-11.4,4,2,1,1,0,1,21,0,2,
bouyeja01,480,Jamaree Bouyea,24,SAS,PG,3,0,38,87,13,0,0,0,10.8,17.3,0,1,6,0,0,0,8,0,0,
bouyeja01,481,Josh Minott,21,MIN,SF,32,0,91,0,9,33,45,14,8.9,2.4,0,1,6,0,7,0,17,3,3,
bouyeja01,482,Chris Livingston,20,MIL,SF,21,0,90,0,13,35,48,4,-11.5,-14.6,1,3,10,1,2,0,11,0,3,
minotjo01,483,Cole Swider,24,MIA,SF,18,0,87,0,49,40,11,0,-13.7,-16.1,3,4,3,0,1,0,10,0,0,
livinch01,484,Admiral Schofield,26,ORL,PF,23,0,84,0,0,0,52,48,-7.7,-9.7,1,2,5,2,1,2,17,0,3,
swideco01,485,Terquavion Smith,21,PHI,PG,16,0,84,99,2,0,0,0,-5.0,-8.1,5,2,4,0,2,0,26,1,3,
schofad01,486,Buddy Boeheim,24,DET,SF,10,0,84,0,7,71,22,0,15.1,24.5,0,0,3,0,3,0,7,0,1,
smithte01,487,Jordan Walsh,19,BOS,SF,9,1,83,0,20,69,12,0,30.2,19.3,0,1,4,1,1,1,13,0,0,
boehebu01,488,Jerome Robinson,26,GSW,SG,22,0,81,39,62,0,0,0,15.7,13.2,1,0,3,0,4,1,11,1,0,
walshjo01,489,James Bouknight,23,CHO,SG,14,0,81,0,72,28,0,0,-10.5,0.1,2,0,3,0,1,0,14,0,2,
robinje01,490,Wenyen Gabriel,26,MEM,PF,5,0,81,0,8,75,16,0,-10.3,-3.1,2,2,2,4,3,0,7,1,2,
bouknja01,491,Ryan Rollins,21,2TM,PG,13,0,78,100,0,0,0,0,36.8,45.0,3,5,3,0,9,3,32,3,2,
gabriwe01,491,Ryan Rollins,21,WAS,PG,10,0,66,100,0,0,0,0,38.1,48.2,3,4,3,0,9,3,25,3,2,
rolliry01,491,Ryan Rollins,21,MIL,PG,3,0,12,100,0,0,0,0,29.7,27.0,0,1,0,0,0,0,7,0,0,
rolliry01,492,R.J. Hampton,22,MIA,PG,8,2,76,91,9,0,0,0,9.2,7.4,3,0,6,0,1,0,20,0,1,
rolliry01,493,Wendell Moore Jr.,22,MIN,SG,25,0,75,13,49,33,5,0,-1.6,-8.3,1,2,2,0,0,0,14,0,0,
hamptrj01,494,Nate Hinton,24,HOU,SG,15,0,75,24,63,13,0,0,9.3,8.3,3,0,5,0,3,1,21,1,2,
moorewe01,495,Mouhamed Gueye,21,ATL,PF,6,0,73,0,0,0,60,40,-28.8,-27.1,1,0,6,0,2,0,10,0,3,
hintona01,496,Isaiah Mobley,24,CLE,PF,10,0,72,0,11,22,67,0,-21.7,-24.8,0,1,4,1,1,0,17,1,2,
gueyemo02,497,Boban Marjanović,35,HOU,C,14,0,71,0,0,0,0,100,-10.3,-11.7,5,0,5,0,8,0,14,4,3,
mobleis01,498,Jason Preston,24,UTA,PG,7,0,71,92,8,0,0,0,13.3,18.5,2,0,2,0,0,0,40,0,2,
marjabo01,499,Jett Howard,20,ORL,SF,18,0,67,0,0,21,74,5,1.4,-0.3,2,1,1,0,1,0,16,0,0,
prestja01,500,Kobi Simmons,26,TOR,PG,4,0,67,86,14,0,0,0,-24.6,-18.4,1,0,2,0,0,2,28,0,2,
howarje01,501,Keyontae Johnson,23,OKC,SF,9,0,66,0,24,56,20,0,-8.5,-16.7,3,0,4,0,0,0,8,0,2,
simmoko01,502,Adama Sanogo,21,CHI,PF,9,0,66,0,0,0,0,100,22.8,24.6,1,2,2,1,5,0,0,2,2,
johnske08,503,Robin Lopez,35,MIL,C,16,2,65,0,0,0,0,100,-17.6,-20.7,0,2,7,0,1,0,10,0,1,
sanogad01,504,Amari Bailey,19,CHO,PG,10,0,65,73,27,0,0,0,5.6,16.5,3,1,1,0,3,0,18,1,0,
lopezro01,505,Moussa Diabaté,22,LAC,C,11,0,64,0,0,0,0,100,3.4,-0.2,1,0,2,0,5,1,11,0,3,
baileam01,506,Jack White,26,MEM,SF,4,0,64,0,7,39,45,9,-22.3,-15.2,2,0,3,0,0,0,3,0,0,
diabamo01,507,Kendall Brown,20,IND,SG,15,0,63,9,58,30,3,0,-19.2,-22.5,1,0,5,1,4,1,11,0,0,
whiteja03,508,Ish Wainright,29,2TM,SF,11,0,62,0,19,34,43,4,-2.0,4.1,1,0,3,1,1,0,2,0,0,
brownke03,508,Ish Wainright,29,POR,SF,7,0,46,0,19,34,47,0,-0.8,8.7,1,0,2,0,1,0,0,0,0,
wainris01,508,Ish Wainright,29,PHO,SF,4,0,16,0,21,34,31,15,-5.5,-8.8,0,0,1,1,0,0,2,0,0,
wainris01,509,Keon Johnson,21,BRK,SG,5,0,61,23,77,0,0,0,-18.0,-15.2,4,0,3,0,4,0,8,0,1,
wainris01,510,Braxton Key,26,DEN,SF,20,0,60,0,0,34,65,2,-8.9,-14.7,1,0,3,0,4,0,21,2,2,
johnske07,511,Jermaine Samuels,25,HOU,SF,14,0,60,0,0,56,41,2,-10.2,-11.5,0,0,1,0,0,0,8,0,2,
keybr01,512,Colin Castleton,23,LAL,C,16,0,59,0,0,0,0,100,-42.4,-43.4,2,0,6,1,1,0,6,0,2,
samueje01,513,TyTy Washington Jr.,22,MIL,PG,11,0,56,73,27,0,0,0,-11.3,-14.3,0,2,1,0,0,0,12,0,0,
castlco01,514,Dereon Seabron,23,NOP,SG,6,0,55,0,72,24,5,0,23.9,19.6,0,0,2,0,3,1,12,0,1,
washity02,515,Juan Toscano-Anderson,30,SAC,SF,11,0,53,0,17,68,15,0,-1.4,-2.8,2,0,7,0,0,0,10,0,2,
seabrde01,516,Leonard Miller,20,MIN,SF,17,0,52,0,0,0,52,48,6.1,-0.4,0,1,2,0,1,0,19,0,1,
toscaju01,517,Seth Lundy,23,ATL,SF,9,0,52,0,0,83,16,0,-8.0,-5.9,0,1,3,0,2,0,0,0,2,
millele01,518,David Duke Jr.,24,SAS,SG,4,0,51,0,13,82,5,0,5.7,12.2,2,0,1,0,1,2,12,1,0,
lundyse01,519,Daishen Nix,21,MIN,PG,15,0,50,64,21,15,0,0,27.3,21.1,2,3,1,0,1,0,15,0,3,
dukeda01,520,Jay Huff,25,DEN,C,20,0,49,0,0,0,0,100,-7.7,-13.4,0,0,5,1,1,0,5,0,0,
nixda01,521,Hunter Tyson,23,DEN,PF,18,0,48,0,0,16,69,16,4.7,-0.9,0,1,6,1,0,0,6,0,0,
huffja01,522,James Johnson,36,IND,PF,9,0,47,0,0,34,53,13,3.9,0.9,4,0,4,1,1,0,19,0,2,
tysonhu01,523,DaQuan Jeffries,26,NYK,SG,17,0,46,0,18,60,23,0,-6.7,-11.5,2,1,2,0,0,0,11,0,1,
johnsja01,524,Ryan Arcidiacono,29,NYK,PG,20,0,45,0,65,36,0,0,7.6,2.9,2,0,3,0,0,2,11,0,0,
jeffrda01,525,Frank Ntilikina,25,CHO,PG,5,0,43,14,86,0,0,0,-7.0,3.6,0,1,2,0,1,0,10,0,0,
arcidry01,526,Oscar Tshiebwe,24,IND,PF,8,0,42,0,0,0,21,79,11.8,8.9,0,0,3,0,4,0,5,0,4,
ntilila01,527,D'Moi Hodge,25,LAL,SG,7,0,41,100,0,0,0,0,-41.1,-41.9,1,0,2,0,1,0,10,0,0,
tshieos01,528,Greg Brown III,22,DAL,PF,6,0,40,0,0,59,35,7,-7.5,-9.7,2,1,3,1,4,0,8,1,1,
hodgedm01,529,Taze Moore,25,POR,SG,4,0,40,36,64,0,0,0,-21.1,-11.8,2,1,2,0,1,1,13,0,0,
browngr01,530,Alex Fudge,20,2TM,SF,6,0,40,0,0,38,62,0,-42.4,-44.2,0,1,1,0,1,0,0,0,2,
mooreta02,530,Alex Fudge,20,LAL,SF,4,0,14,0,0,0,100,0,-71.3,-72.0,0,1,0,0,1,0,0,0,1,
fudgeal01,530,Alex Fudge,20,DAL,SF,2,0,26,0,0,58,42,0,-26.9,-29.2,0,0,1,0,0,0,0,0,1,
fudgeal01,531,JD Davison,21,BOS,SG,8,0,39,62,38,0,0,0,30.6,19.6,2,0,4,0,2,0,23,0,0,
fudgeal01,532,RaiQuan Gray,24,SAS,PF,3,0,39,0,0,0,27,73,14.6,21.1,1,0,0,0,0,0,14,0,1,
davisjd01,533,Jacob Toppin,23,NYK,SF,9,0,38,0,0,37,63,0,-33.6,-38.7,0,0,2,0,1,0,8,0,1,
grayra01,534,Jalen Slawson,24,SAC,SF,12,0,37,0,10,73,17,0,-8.0,-9.4,1,0,4,1,0,0,5,0,0,
toppija01,535,Charlie Brown Jr.,26,NYK,SG,8,0,37,0,41,55,5,0,-13.0,-18.0,1,0,3,0,0,1,0,0,1,
slawsja01,536,D.J. Carton,23,TOR,SG,4,0,36,61,32,8,0,0,-38.0,-31.8,1,0,0,0,2,0,8,1,0,
brownch02,537,Dexter Dennis,24,DAL,SG,4,0,30,0,48,52,0,0,-11.2,-13.5,3,0,1,0,3,0,9,3,0,
cartodj01,538,Henri Drell,23,CHI,SF,4,0,30,0,0,0,93,7,13.2,14.8,2,0,3,0,0,0,9,0,1,
dennide01,539,Jordan Miller,24,LAC,SF,8,0,28,14,18,51,18,0,-22.4,-26.2,1,0,2,0,1,0,0,0,2,
drellhe01,540,Mason Jones,25,SAC,SG,5,0,28,96,4,0,0,0,-5.6,-7.0,2,0,1,0,1,0,12,0,1,
millejo02,541,Pete Nance,23,CLE,PF,8,0,27,0,0,40,59,1,-46.9,-49.9,0,0,2,0,0,0,0,0,0,
jonesma05,542,Pat Spencer,27,GSW,PG,6,0,26,100,0,0,0,0,-13.8,-16.6,1,0,1,0,0,0,11,0,0,
nancepe01,543,Dariq Whitehead,19,BRK,SF,2,0,24,0,12,88,0,0,-51.8,-49.2,0,0,0,0,1,0,7,0,1,
spencpa01,544,Mamadi Diakite,27,2TM,PF,6,0,24,0,0,0,100,0,6.8,9.5,0,0,1,0,3,0,5,0,0,
whiteda01,544,Mamadi Diakite,27,SAS,PF,3,0,16,0,0,0,100,0,16.1,22.6,0,0,1,0,3,0,5,0,0,
diakima01,544,Mamadi Diakite,27,NYK,PF,3,0,8,0,0,0,100,0,-11.8,-16.6,0,0,0,0,0,0,0,0,0,
diakima01,545,E.J. Liddell,23,NOP,PF,8,0,23,0,0,39,48,14,-8.3,-13.1,1,0,2,0,0,0,2,0,0,
diakima01,546,Drew Peterson,24,BOS,PF,3,0,23,0,0,17,72,12,22.1,10.9,0,1,1,0,0,0,2,0,0,
liddeej01,547,Jordan Ford,25,SAC,PG,6,0,22,100,0,0,0,0,28.1,26.9,1,0,0,0,0,0,6,0,0,
peterdr01,548,Isaiah Thomas,34,PHO,PG,6,0,19,100,0,0,0,0,-24.4,-27.8,0,0,0,0,0,0,7,0,2,
fordjo01,549,Usman Garuba,21,GSW,PF,6,0,18,0,0,0,10,90,-32.2,-35.1,1,1,2,0,1,0,2,0,2,
thomais02,550,Danny Green,36,PHI,SG,2,0,18,0,50,50,0,0,-3.0,-6.0,0,0,1,0,0,0,2,0,0,
garubus01,551,Alondes Williams,24,MIA,SG,7,0,16,61,39,0,0,0,-57.1,-59.4,0,2,1,0,1,0,0,1,1,
greenda02,552,Ty Jerome,26,CLE,SG,2,0,15,38,62,0,0,0,-38.0,-40.9,1,0,2,0,0,0,7,0,0,
willial06,553,D.J. Wilson,27,PHI,PF,2,0,15,0,0,0,16,84,7.1,4.2,0,0,0,0,0,0,4,0,1,
jeromty01,554,Adam Flagler,24,OKC,SG,2,0,14,100,0,0,0,0,7.6,-0.4,0,0,0,0,0,0,11,0,0,
wilsodj01,555,Andrew Funk,24,CHI,SG,5,0,13,47,50,3,0,0,19.4,20.8,0,0,0,0,0,0,0,0,1,
flaglad01,556,Quenton Jackson,25,IND,PG,3,0,11,100,0,0,0,0,3.8,0.8,0,0,0,0,1,0,5,0,0,
funkan01,557,Joshua Primo,21,LAC,SG,2,0,10,0,100,0,0,0,-9.5,-13.2,3,1,0,0,0,0,0,0,1,
jacksqu01,558,Filip Petrušev,23,2TM,C,3,0,10,0,0,0,17,83,26.2,24.4,0,0,0,0,1,0,0,0,0,
primojo01,558,Filip Petrušev,23,PHI,C,1,0,3,0,0,0,57,43,50.0,47.0,0,0,0,0,0,0,0,0,0,
petrufi01,558,Filip Petrušev,23,SAC,C,2,0,7,0,0,0,0,100,16.0,14.7,0,0,0,0,1,0,0,0,0,
petrufi01,559,Lindell Wigginton,25,MIL,PG,3,0,8,100,0,0,0,0,-52.7,-55.6,1,0,1,0,1,0,0,0,0,
petrufi01,560,Kaiser Gates,27,NOP,SF,1,0,7,0,0,0,100,0,-12.5,-17.2,0,0,0,0,0,0,0,0,1,
wiggili01,561,Shaquille Harrison,30,MEM,SG,3,0,6,66,34,0,0,0,-91.7,-84.5,0,0,0,0,0,0,0,0,0,
gateska01,562,Kevon Harris,26,ORL,SG,2,0,6,0,47,53,0,0,11.0,9.2,1,0,2,0,0,0,3,0,0,
harrish01,563,Hamidou Diallo,25,WAS,SG,2,0,5,0,100,0,0,0,34.4,43.8,1,0,1,0,0,0,2,0,0,
harrike01,564,Ron Harper Jr.,23,TOR,PF,1,0,4,0,0,0,100,0,-112.5,-106.2,0,0,1,0,0,0,2,0,0,
diallha01,565,Markquis Nowell,24,TOR,SG,1,0,4,100,0,0,0,0,57.1,63.6,0,0,0,0,1,0,5,0,1,
harpero02,566,Isaiah Wong,23,IND,SG,1,0,4,100,0,0,0,0,-62.5,-65.6,0,0,0,0,0,0,0,0,0,
nowelma01,567,Izaiah Brockington,24,NOP,PG,1,0,3,100,0,0,0,0,21.4,16.8,0,0,0,0,0,0,0,0,1,
wongis01,568,Malcolm Cazalon,22,DET,SG,1,0,3,0,0,0,100,0,63.3,72.2,0,0,0,0,0,0,0,0,0,
brockiz01,569,Jalen Crutcher,24,NOP,PG,1,0,3,100,0,0,0,0,50.0,45.4,0,0,0,0,0,0,0,0,0,
cazalma01,570,Dmytro Skapintsev,25,NYK,C,2,0,2,0,0,0,0,100,-25.0,-29.8,0,0,0,0,0,0,0,0,0,
crutcja01,571,Justin Jackson,28,MIN,SF,2,0,1,0,0,0,100,0,,,0,0,0,0,0,0,0,0,0,
skapidm01,572,Javonte Smart,24,PHI,PG,1,0,1,100,0,0,0,0,-300.0,-303.0,0,0,0,0,0,0,0,0,0,
